Copyright 1986-2019 Xilinx, Inc. All Rights Reserved.
--------------------------------------------------------------------------------------------------------------------------------------------------------------------------------------
| Tool Version : Vivado v.2019.1 (lin64) Build 2552052 Fri May 24 14:47:09 MDT 2019
| Date         : Sat May  9 14:45:14 2026
| Host         : archlinux running 64-bit Arch Linux
| Command      : report_timing_summary -max_paths 10 -file blink_timing_summary_routed.rpt -pb blink_timing_summary_routed.pb -rpx blink_timing_summary_routed.rpx -warn_on_violation
| Design       : blink
| Device       : 7z010-clg400
| Speed File   : -1  PRODUCTION 1.11 2014-09-11
--------------------------------------------------------------------------------------------------------------------------------------------------------------------------------------

Timing Summary Report

------------------------------------------------------------------------------------------------
| Timer Settings
| --------------
------------------------------------------------------------------------------------------------

  Enable Multi Corner Analysis               :  Yes
  Enable Pessimism Removal                   :  Yes
  Pessimism Removal Resolution               :  Nearest Common Node
  Enable Input Delay Default Clock           :  No
  Enable Preset / Clear Arcs                 :  No
  Disable Flight Delays                      :  No
  Ignore I/O Paths                           :  No
  Timing Early Launch at Borrowing Latches   :  No
  Borrow Time for Max Delay Exceptions       :  Yes

  Corner  Analyze    Analyze    
  Name    Max Paths  Min Paths  
  ------  ---------  ---------  
  Slow    Yes        Yes        
  Fast    Yes        Yes        



check_timing report

Table of Contents
-----------------
1. checking no_clock
2. checking constant_clock
3. checking pulse_width_clock
4. checking unconstrained_internal_endpoints
5. checking no_input_delay
6. checking no_output_delay
7. checking multiple_clock
8. checking generated_clocks
9. checking loops
10. checking partial_input_delay
11. checking partial_output_delay
12. checking latch_loops

1. checking no_clock
--------------------
 There are 0 register/latch pins with no clock.


2. checking constant_clock
--------------------------
 There are 0 register/latch pins with constant_clock.


3. checking pulse_width_clock
-----------------------------
 There are 0 register/latch pins which need pulse_width check


4. checking unconstrained_internal_endpoints
--------------------------------------------
 There are 0 pins that are not constrained for maximum delay.

 There are 0 pins that are not constrained for maximum delay due to constant clock.


5. checking no_input_delay
--------------------------
 There are 0 input ports with no input delay specified.

 There are 0 input ports with no input delay but user has a false path constraint.


6. checking no_output_delay
---------------------------
 There are 4 ports with no output delay specified. (HIGH)

 There are 0 ports with no output delay but user has a false path constraint

 There are 0 ports with no output delay but with a timing clock defined on it or propagating through it


7. checking multiple_clock
--------------------------
 There are 0 register/latch pins with multiple clocks.


8. checking generated_clocks
----------------------------
 There are 0 generated clocks that are not connected to a clock source.


9. checking loops
-----------------
 There are 0 combinational loops in the design.


10. checking partial_input_delay
--------------------------------
 There are 0 input ports with partial input delay specified.


11. checking partial_output_delay
---------------------------------
 There are 0 ports with partial output delay specified.


12. checking latch_loops
------------------------
 There are 0 combinational latch loops in the design through latch input



------------------------------------------------------------------------------------------------
| Design Timing Summary
| ---------------------
------------------------------------------------------------------------------------------------

    WNS(ns)      TNS(ns)  TNS Failing Endpoints  TNS Total Endpoints      WHS(ns)      THS(ns)  THS Failing Endpoints  THS Total Endpoints     WPWS(ns)     TPWS(ns)  TPWS Failing Endpoints  TPWS Total Endpoints  
    -------      -------  ---------------------  -------------------      -------      -------  ---------------------  -------------------     --------     --------  ----------------------  --------------------  
      5.431        0.000                      0                   29        0.252        0.000                      0                   29        3.500        0.000                       0                    30  


All user specified timing constraints are met.


------------------------------------------------------------------------------------------------
| Clock Summary
| -------------
------------------------------------------------------------------------------------------------

Clock        Waveform(ns)         Period(ns)      Frequency(MHz)
-----        ------------         ----------      --------------
sys_clk_pin  {0.000 4.000}        8.000           125.000         


------------------------------------------------------------------------------------------------
| Intra Clock Table
| -----------------
------------------------------------------------------------------------------------------------

Clock             WNS(ns)      TNS(ns)  TNS Failing Endpoints  TNS Total Endpoints      WHS(ns)      THS(ns)  THS Failing Endpoints  THS Total Endpoints     WPWS(ns)     TPWS(ns)  TPWS Failing Endpoints  TPWS Total Endpoints  
-----             -------      -------  ---------------------  -------------------      -------      -------  ---------------------  -------------------     --------     --------  ----------------------  --------------------  
sys_clk_pin         5.431        0.000                      0                   29        0.252        0.000                      0                   29        3.500        0.000                       0                    30  


------------------------------------------------------------------------------------------------
| Inter Clock Table
| -----------------
------------------------------------------------------------------------------------------------

From Clock    To Clock          WNS(ns)      TNS(ns)  TNS Failing Endpoints  TNS Total Endpoints      WHS(ns)      THS(ns)  THS Failing Endpoints  THS Total Endpoints  
----------    --------          -------      -------  ---------------------  -------------------      -------      -------  ---------------------  -------------------  


------------------------------------------------------------------------------------------------
| Other Path Groups Table
| -----------------------
------------------------------------------------------------------------------------------------

Path Group    From Clock    To Clock          WNS(ns)      TNS(ns)  TNS Failing Endpoints  TNS Total Endpoints      WHS(ns)      THS(ns)  THS Failing Endpoints  THS Total Endpoints  
----------    ----------    --------          -------      -------  ---------------------  -------------------      -------      -------  ---------------------  -------------------  


------------------------------------------------------------------------------------------------
| Timing Details
| --------------
------------------------------------------------------------------------------------------------


---------------------------------------------------------------------------------------------------
From Clock:  sys_clk_pin
  To Clock:  sys_clk_pin

Setup :            0  Failing Endpoints,  Worst Slack        5.431ns,  Total Violation        0.000ns
Hold  :            0  Failing Endpoints,  Worst Slack        0.252ns,  Total Violation        0.000ns
PW    :            0  Failing Endpoints,  Worst Slack        3.500ns,  Total Violation        0.000ns
---------------------------------------------------------------------------------------------------


Max Delay Paths
--------------------------------------------------------------------------------------
Slack (MET) :             5.431ns  (required time - arrival time)
  Source:                 counter_reg[1]/C
                            (rising edge-triggered cell FDRE clocked by sys_clk_pin  {rise@0.000ns fall@4.000ns period=8.000ns})
  Destination:            counter_reg[28]/D
                            (rising edge-triggered cell FDRE clocked by sys_clk_pin  {rise@0.000ns fall@4.000ns period=8.000ns})
  Path Group:             sys_clk_pin
  Path Type:              Setup (Max at Slow Process Corner)
  Requirement:            8.000ns  (sys_clk_pin rise@8.000ns - sys_clk_pin rise@0.000ns)
  Data Path Delay:        2.526ns  (logic 2.037ns (80.625%)  route 0.489ns (19.375%))
  Logic Levels:           8  (CARRY4=8)
  Clock Path Skew:        -0.069ns (DCD - SCD + CPR)
    Destination Clock Delay (DCD):    4.937ns = ( 12.937 - 8.000 ) 
    Source Clock Delay      (SCD):    5.397ns
    Clock Pessimism Removal (CPR):    0.391ns
  Clock Uncertainty:      0.035ns  ((TSJ^2 + TIJ^2)^1/2 + DJ) / 2 + PE
    Total System Jitter     (TSJ):    0.071ns
    Total Input Jitter      (TIJ):    0.000ns
    Discrete Jitter          (DJ):    0.000ns
    Phase Error              (PE):    0.000ns

    Location             Delay type                Incr(ns)  Path(ns)    Netlist Resource(s)
  -------------------------------------------------------------------    -------------------
                         (clock sys_clk_pin rise edge)
                                                      0.000     0.000 r  
    L16                                               0.000     0.000 r  clk (IN)
                         net (fo=0)                   0.000     0.000    clk
    L16                  IBUF (Prop_ibuf_I_O)         1.491     1.491 r  clk_IBUF_inst/O
                         net (fo=1, routed)           2.076     3.567    clk_IBUF
    BUFGCTRL_X0Y16       BUFG (Prop_bufg_I_O)         0.101     3.668 r  clk_IBUF_BUFG_inst/O
                         net (fo=29, routed)          1.729     5.397    clk_IBUF_BUFG
    SLICE_X43Y68         FDRE                                         r  counter_reg[1]/C
  -------------------------------------------------------------------    -------------------
    SLICE_X43Y68         FDRE (Prop_fdre_C_Q)         0.456     5.853 r  counter_reg[1]/Q
                         net (fo=1, routed)           0.480     6.334    counter_reg_n_0_[1]
    SLICE_X43Y68         CARRY4 (Prop_carry4_S[1]_CO[3])
                                                      0.674     7.008 r  counter_reg[0]_i_1/CO[3]
                         net (fo=1, routed)           0.000     7.008    counter_reg[0]_i_1_n_0
    SLICE_X43Y69         CARRY4 (Prop_carry4_CI_CO[3])
                                                      0.114     7.122 r  counter_reg[4]_i_1/CO[3]
                         net (fo=1, routed)           0.000     7.122    counter_reg[4]_i_1_n_0
    SLICE_X43Y70         CARRY4 (Prop_carry4_CI_CO[3])
                                                      0.114     7.236 r  counter_reg[8]_i_1/CO[3]
                         net (fo=1, routed)           0.000     7.236    counter_reg[8]_i_1_n_0
    SLICE_X43Y71         CARRY4 (Prop_carry4_CI_CO[3])
                                                      0.114     7.350 r  counter_reg[12]_i_1/CO[3]
                         net (fo=1, routed)           0.000     7.350    counter_reg[12]_i_1_n_0
    SLICE_X43Y72         CARRY4 (Prop_carry4_CI_CO[3])
                                                      0.114     7.464 r  counter_reg[16]_i_1/CO[3]
                         net (fo=1, routed)           0.000     7.464    counter_reg[16]_i_1_n_0
    SLICE_X43Y73         CARRY4 (Prop_carry4_CI_CO[3])
                                                      0.114     7.578 r  counter_reg[20]_i_1/CO[3]
                         net (fo=1, routed)           0.000     7.578    counter_reg[20]_i_1_n_0
    SLICE_X43Y74         CARRY4 (Prop_carry4_CI_CO[3])
                                                      0.114     7.692 r  counter_reg[24]_i_1/CO[3]
                         net (fo=1, routed)           0.009     7.701    counter_reg[24]_i_1_n_0
    SLICE_X43Y75         CARRY4 (Prop_carry4_CI_O[0])
                                                      0.223     7.924 r  counter_reg[28]_i_1/O[0]
                         net (fo=1, routed)           0.000     7.924    counter_reg[28]_i_1_n_7
    SLICE_X43Y75         FDRE                                         r  counter_reg[28]/D
  -------------------------------------------------------------------    -------------------

                         (clock sys_clk_pin rise edge)
                                                      8.000     8.000 r  
    L16                                               0.000     8.000 r  clk (IN)
                         net (fo=0)                   0.000     8.000    clk
    L16                  IBUF (Prop_ibuf_I_O)         1.421     9.421 r  clk_IBUF_inst/O
                         net (fo=1, routed)           1.880    11.301    clk_IBUF
    BUFGCTRL_X0Y16       BUFG (Prop_bufg_I_O)         0.091    11.392 r  clk_IBUF_BUFG_inst/O
                         net (fo=29, routed)          1.546    12.937    clk_IBUF_BUFG
    SLICE_X43Y75         FDRE                                         r  counter_reg[28]/C
                         clock pessimism              0.391    13.328    
                         clock uncertainty           -0.035    13.293    
    SLICE_X43Y75         FDRE (Setup_fdre_C_D)        0.062    13.355    counter_reg[28]
  -------------------------------------------------------------------
                         required time                         13.355    
                         arrival time                          -7.924    
  -------------------------------------------------------------------
                         slack                                  5.431    

Slack (MET) :             5.481ns  (required time - arrival time)
  Source:                 counter_reg[1]/C
                            (rising edge-triggered cell FDRE clocked by sys_clk_pin  {rise@0.000ns fall@4.000ns period=8.000ns})
  Destination:            counter_reg[25]/D
                            (rising edge-triggered cell FDRE clocked by sys_clk_pin  {rise@0.000ns fall@4.000ns period=8.000ns})
  Path Group:             sys_clk_pin
  Path Type:              Setup (Max at Slow Process Corner)
  Requirement:            8.000ns  (sys_clk_pin rise@8.000ns - sys_clk_pin rise@0.000ns)
  Data Path Delay:        2.514ns  (logic 2.034ns (80.891%)  route 0.480ns (19.109%))
  Logic Levels:           7  (CARRY4=7)
  Clock Path Skew:        -0.031ns (DCD - SCD + CPR)
    Destination Clock Delay (DCD):    4.937ns = ( 12.937 - 8.000 ) 
    Source Clock Delay      (SCD):    5.397ns
    Clock Pessimism Removal (CPR):    0.429ns
  Clock Uncertainty:      0.035ns  ((TSJ^2 + TIJ^2)^1/2 + DJ) / 2 + PE
    Total System Jitter     (TSJ):    0.071ns
    Total Input Jitter      (TIJ):    0.000ns
    Discrete Jitter          (DJ):    0.000ns
    Phase Error              (PE):    0.000ns

    Location             Delay type                Incr(ns)  Path(ns)    Netlist Resource(s)
  -------------------------------------------------------------------    -------------------
                         (clock sys_clk_pin rise edge)
                                                      0.000     0.000 r  
    L16                                               0.000     0.000 r  clk (IN)
                         net (fo=0)                   0.000     0.000    clk
    L16                  IBUF (Prop_ibuf_I_O)         1.491     1.491 r  clk_IBUF_inst/O
                         net (fo=1, routed)           2.076     3.567    clk_IBUF
    BUFGCTRL_X0Y16       BUFG (Prop_bufg_I_O)         0.101     3.668 r  clk_IBUF_BUFG_inst/O
                         net (fo=29, routed)          1.729     5.397    clk_IBUF_BUFG
    SLICE_X43Y68         FDRE                                         r  counter_reg[1]/C
  -------------------------------------------------------------------    -------------------
    SLICE_X43Y68         FDRE (Prop_fdre_C_Q)         0.456     5.853 r  counter_reg[1]/Q
                         net (fo=1, routed)           0.480     6.334    counter_reg_n_0_[1]
    SLICE_X43Y68         CARRY4 (Prop_carry4_S[1]_CO[3])
                                                      0.674     7.008 r  counter_reg[0]_i_1/CO[3]
                         net (fo=1, routed)           0.000     7.008    counter_reg[0]_i_1_n_0
    SLICE_X43Y69         CARRY4 (Prop_carry4_CI_CO[3])
                                                      0.114     7.122 r  counter_reg[4]_i_1/CO[3]
                         net (fo=1, routed)           0.000     7.122    counter_reg[4]_i_1_n_0
    SLICE_X43Y70         CARRY4 (Prop_carry4_CI_CO[3])
                                                      0.114     7.236 r  counter_reg[8]_i_1/CO[3]
                         net (fo=1, routed)           0.000     7.236    counter_reg[8]_i_1_n_0
    SLICE_X43Y71         CARRY4 (Prop_carry4_CI_CO[3])
                                                      0.114     7.350 r  counter_reg[12]_i_1/CO[3]
                         net (fo=1, routed)           0.000     7.350    counter_reg[12]_i_1_n_0
    SLICE_X43Y72         CARRY4 (Prop_carry4_CI_CO[3])
                                                      0.114     7.464 r  counter_reg[16]_i_1/CO[3]
                         net (fo=1, routed)           0.000     7.464    counter_reg[16]_i_1_n_0
    SLICE_X43Y73         CARRY4 (Prop_carry4_CI_CO[3])
                                                      0.114     7.578 r  counter_reg[20]_i_1/CO[3]
                         net (fo=1, routed)           0.000     7.578    counter_reg[20]_i_1_n_0
    SLICE_X43Y74         CARRY4 (Prop_carry4_CI_O[1])
                                                      0.334     7.912 r  counter_reg[24]_i_1/O[1]
                         net (fo=1, routed)           0.000     7.912    counter_reg[24]_i_1_n_6
    SLICE_X43Y74         FDRE                                         r  counter_reg[25]/D
  -------------------------------------------------------------------    -------------------

                         (clock sys_clk_pin rise edge)
                                                      8.000     8.000 r  
    L16                                               0.000     8.000 r  clk (IN)
                         net (fo=0)                   0.000     8.000    clk
    L16                  IBUF (Prop_ibuf_I_O)         1.421     9.421 r  clk_IBUF_inst/O
                         net (fo=1, routed)           1.880    11.301    clk_IBUF
    BUFGCTRL_X0Y16       BUFG (Prop_bufg_I_O)         0.091    11.392 r  clk_IBUF_BUFG_inst/O
                         net (fo=29, routed)          1.546    12.937    clk_IBUF_BUFG
    SLICE_X43Y74         FDRE                                         r  counter_reg[25]/C
                         clock pessimism              0.429    13.366    
                         clock uncertainty           -0.035    13.331    
    SLICE_X43Y74         FDRE (Setup_fdre_C_D)        0.062    13.393    counter_reg[25]
  -------------------------------------------------------------------
                         required time                         13.393    
                         arrival time                          -7.912    
  -------------------------------------------------------------------
                         slack                                  5.481    

Slack (MET) :             5.502ns  (required time - arrival time)
  Source:                 counter_reg[1]/C
                            (rising edge-triggered cell FDRE clocked by sys_clk_pin  {rise@0.000ns fall@4.000ns period=8.000ns})
  Destination:            counter_reg[27]/D
                            (rising edge-triggered cell FDRE clocked by sys_clk_pin  {rise@0.000ns fall@4.000ns period=8.000ns})
  Path Group:             sys_clk_pin
  Path Type:              Setup (Max at Slow Process Corner)
  Requirement:            8.000ns  (sys_clk_pin rise@8.000ns - sys_clk_pin rise@0.000ns)
  Data Path Delay:        2.493ns  (logic 2.013ns (80.730%)  route 0.480ns (19.270%))
  Logic Levels:           7  (CARRY4=7)
  Clock Path Skew:        -0.031ns (DCD - SCD + CPR)
    Destination Clock Delay (DCD):    4.937ns = ( 12.937 - 8.000 ) 
    Source Clock Delay      (SCD):    5.397ns
    Clock Pessimism Removal (CPR):    0.429ns
  Clock Uncertainty:      0.035ns  ((TSJ^2 + TIJ^2)^1/2 + DJ) / 2 + PE
    Total System Jitter     (TSJ):    0.071ns
    Total Input Jitter      (TIJ):    0.000ns
    Discrete Jitter          (DJ):    0.000ns
    Phase Error              (PE):    0.000ns

    Location             Delay type                Incr(ns)  Path(ns)    Netlist Resource(s)
  -------------------------------------------------------------------    -------------------
                         (clock sys_clk_pin rise edge)
                                                      0.000     0.000 r  
    L16                                               0.000     0.000 r  clk (IN)
                         net (fo=0)                   0.000     0.000    clk
    L16                  IBUF (Prop_ibuf_I_O)         1.491     1.491 r  clk_IBUF_inst/O
                         net (fo=1, routed)           2.076     3.567    clk_IBUF
    BUFGCTRL_X0Y16       BUFG (Prop_bufg_I_O)         0.101     3.668 r  clk_IBUF_BUFG_inst/O
                         net (fo=29, routed)          1.729     5.397    clk_IBUF_BUFG
    SLICE_X43Y68         FDRE                                         r  counter_reg[1]/C
  -------------------------------------------------------------------    -------------------
    SLICE_X43Y68         FDRE (Prop_fdre_C_Q)         0.456     5.853 r  counter_reg[1]/Q
                         net (fo=1, routed)           0.480     6.334    counter_reg_n_0_[1]
    SLICE_X43Y68         CARRY4 (Prop_carry4_S[1]_CO[3])
                                                      0.674     7.008 r  counter_reg[0]_i_1/CO[3]
                         net (fo=1, routed)           0.000     7.008    counter_reg[0]_i_1_n_0
    SLICE_X43Y69         CARRY4 (Prop_carry4_CI_CO[3])
                                                      0.114     7.122 r  counter_reg[4]_i_1/CO[3]
                         net (fo=1, routed)           0.000     7.122    counter_reg[4]_i_1_n_0
    SLICE_X43Y70         CARRY4 (Prop_carry4_CI_CO[3])
                                                      0.114     7.236 r  counter_reg[8]_i_1/CO[3]
                         net (fo=1, routed)           0.000     7.236    counter_reg[8]_i_1_n_0
    SLICE_X43Y71         CARRY4 (Prop_carry4_CI_CO[3])
                                                      0.114     7.350 r  counter_reg[12]_i_1/CO[3]
                         net (fo=1, routed)           0.000     7.350    counter_reg[12]_i_1_n_0
    SLICE_X43Y72         CARRY4 (Prop_carry4_CI_CO[3])
                                                      0.114     7.464 r  counter_reg[16]_i_1/CO[3]
                         net (fo=1, routed)           0.000     7.464    counter_reg[16]_i_1_n_0
    SLICE_X43Y73         CARRY4 (Prop_carry4_CI_CO[3])
                                                      0.114     7.578 r  counter_reg[20]_i_1/CO[3]
                         net (fo=1, routed)           0.000     7.578    counter_reg[20]_i_1_n_0
    SLICE_X43Y74         CARRY4 (Prop_carry4_CI_O[3])
                                                      0.313     7.891 r  counter_reg[24]_i_1/O[3]
                         net (fo=1, routed)           0.000     7.891    counter_reg[24]_i_1_n_4
    SLICE_X43Y74         FDRE                                         r  counter_reg[27]/D
  -------------------------------------------------------------------    -------------------

                         (clock sys_clk_pin rise edge)
                                                      8.000     8.000 r  
    L16                                               0.000     8.000 r  clk (IN)
                         net (fo=0)                   0.000     8.000    clk
    L16                  IBUF (Prop_ibuf_I_O)         1.421     9.421 r  clk_IBUF_inst/O
                         net (fo=1, routed)           1.880    11.301    clk_IBUF
    BUFGCTRL_X0Y16       BUFG (Prop_bufg_I_O)         0.091    11.392 r  clk_IBUF_BUFG_inst/O
                         net (fo=29, routed)          1.546    12.937    clk_IBUF_BUFG
    SLICE_X43Y74         FDRE                                         r  counter_reg[27]/C
                         clock pessimism              0.429    13.366    
                         clock uncertainty           -0.035    13.331    
    SLICE_X43Y74         FDRE (Setup_fdre_C_D)        0.062    13.393    counter_reg[27]
  -------------------------------------------------------------------
                         required time                         13.393    
                         arrival time                          -7.891    
  -------------------------------------------------------------------
                         slack                                  5.502    

Slack (MET) :             5.576ns  (required time - arrival time)
  Source:                 counter_reg[1]/C
                            (rising edge-triggered cell FDRE clocked by sys_clk_pin  {rise@0.000ns fall@4.000ns period=8.000ns})
  Destination:            counter_reg[26]/D
                            (rising edge-triggered cell FDRE clocked by sys_clk_pin  {rise@0.000ns fall@4.000ns period=8.000ns})
  Path Group:             sys_clk_pin
  Path Type:              Setup (Max at Slow Process Corner)
  Requirement:            8.000ns  (sys_clk_pin rise@8.000ns - sys_clk_pin rise@0.000ns)
  Data Path Delay:        2.419ns  (logic 1.939ns (80.141%)  route 0.480ns (19.859%))
  Logic Levels:           7  (CARRY4=7)
  Clock Path Skew:        -0.031ns (DCD - SCD + CPR)
    Destination Clock Delay (DCD):    4.937ns = ( 12.937 - 8.000 ) 
    Source Clock Delay      (SCD):    5.397ns
    Clock Pessimism Removal (CPR):    0.429ns
  Clock Uncertainty:      0.035ns  ((TSJ^2 + TIJ^2)^1/2 + DJ) / 2 + PE
    Total System Jitter     (TSJ):    0.071ns
    Total Input Jitter      (TIJ):    0.000ns
    Discrete Jitter          (DJ):    0.000ns
    Phase Error              (PE):    0.000ns

    Location             Delay type                Incr(ns)  Path(ns)    Netlist Resource(s)
  -------------------------------------------------------------------    -------------------
                         (clock sys_clk_pin rise edge)
                                                      0.000     0.000 r  
    L16                                               0.000     0.000 r  clk (IN)
                         net (fo=0)                   0.000     0.000    clk
    L16                  IBUF (Prop_ibuf_I_O)         1.491     1.491 r  clk_IBUF_inst/O
                         net (fo=1, routed)           2.076     3.567    clk_IBUF
    BUFGCTRL_X0Y16       BUFG (Prop_bufg_I_O)         0.101     3.668 r  clk_IBUF_BUFG_inst/O
                         net (fo=29, routed)          1.729     5.397    clk_IBUF_BUFG
    SLICE_X43Y68         FDRE                                         r  counter_reg[1]/C
  -------------------------------------------------------------------    -------------------
    SLICE_X43Y68         FDRE (Prop_fdre_C_Q)         0.456     5.853 r  counter_reg[1]/Q
                         net (fo=1, routed)           0.480     6.334    counter_reg_n_0_[1]
    SLICE_X43Y68         CARRY4 (Prop_carry4_S[1]_CO[3])
                                                      0.674     7.008 r  counter_reg[0]_i_1/CO[3]
                         net (fo=1, routed)           0.000     7.008    counter_reg[0]_i_1_n_0
    SLICE_X43Y69         CARRY4 (Prop_carry4_CI_CO[3])
                                                      0.114     7.122 r  counter_reg[4]_i_1/CO[3]
                         net (fo=1, routed)           0.000     7.122    counter_reg[4]_i_1_n_0
    SLICE_X43Y70         CARRY4 (Prop_carry4_CI_CO[3])
                                                      0.114     7.236 r  counter_reg[8]_i_1/CO[3]
                         net (fo=1, routed)           0.000     7.236    counter_reg[8]_i_1_n_0
    SLICE_X43Y71         CARRY4 (Prop_carry4_CI_CO[3])
                                                      0.114     7.350 r  counter_reg[12]_i_1/CO[3]
                         net (fo=1, routed)           0.000     7.350    counter_reg[12]_i_1_n_0
    SLICE_X43Y72         CARRY4 (Prop_carry4_CI_CO[3])
                                                      0.114     7.464 r  counter_reg[16]_i_1/CO[3]
                         net (fo=1, routed)           0.000     7.464    counter_reg[16]_i_1_n_0
    SLICE_X43Y73         CARRY4 (Prop_carry4_CI_CO[3])
                                                      0.114     7.578 r  counter_reg[20]_i_1/CO[3]
                         net (fo=1, routed)           0.000     7.578    counter_reg[20]_i_1_n_0
    SLICE_X43Y74         CARRY4 (Prop_carry4_CI_O[2])
                                                      0.239     7.817 r  counter_reg[24]_i_1/O[2]
                         net (fo=1, routed)           0.000     7.817    counter_reg[24]_i_1_n_5
    SLICE_X43Y74         FDRE                                         r  counter_reg[26]/D
  -------------------------------------------------------------------    -------------------

                         (clock sys_clk_pin rise edge)
                                                      8.000     8.000 r  
    L16                                               0.000     8.000 r  clk (IN)
                         net (fo=0)                   0.000     8.000    clk
    L16                  IBUF (Prop_ibuf_I_O)         1.421     9.421 r  clk_IBUF_inst/O
                         net (fo=1, routed)           1.880    11.301    clk_IBUF
    BUFGCTRL_X0Y16       BUFG (Prop_bufg_I_O)         0.091    11.392 r  clk_IBUF_BUFG_inst/O
                         net (fo=29, routed)          1.546    12.937    clk_IBUF_BUFG
    SLICE_X43Y74         FDRE                                         r  counter_reg[26]/C
                         clock pessimism              0.429    13.366    
                         clock uncertainty           -0.035    13.331    
    SLICE_X43Y74         FDRE (Setup_fdre_C_D)        0.062    13.393    counter_reg[26]
  -------------------------------------------------------------------
                         required time                         13.393    
                         arrival time                          -7.817    
  -------------------------------------------------------------------
                         slack                                  5.576    

Slack (MET) :             5.592ns  (required time - arrival time)
  Source:                 counter_reg[1]/C
                            (rising edge-triggered cell FDRE clocked by sys_clk_pin  {rise@0.000ns fall@4.000ns period=8.000ns})
  Destination:            counter_reg[24]/D
                            (rising edge-triggered cell FDRE clocked by sys_clk_pin  {rise@0.000ns fall@4.000ns period=8.000ns})
  Path Group:             sys_clk_pin
  Path Type:              Setup (Max at Slow Process Corner)
  Requirement:            8.000ns  (sys_clk_pin rise@8.000ns - sys_clk_pin rise@0.000ns)
  Data Path Delay:        2.403ns  (logic 1.923ns (80.009%)  route 0.480ns (19.991%))
  Logic Levels:           7  (CARRY4=7)
  Clock Path Skew:        -0.031ns (DCD - SCD + CPR)
    Destination Clock Delay (DCD):    4.937ns = ( 12.937 - 8.000 ) 
    Source Clock Delay      (SCD):    5.397ns
    Clock Pessimism Removal (CPR):    0.429ns
  Clock Uncertainty:      0.035ns  ((TSJ^2 + TIJ^2)^1/2 + DJ) / 2 + PE
    Total System Jitter     (TSJ):    0.071ns
    Total Input Jitter      (TIJ):    0.000ns
    Discrete Jitter          (DJ):    0.000ns
    Phase Error              (PE):    0.000ns

    Location             Delay type                Incr(ns)  Path(ns)    Netlist Resource(s)
  -------------------------------------------------------------------    -------------------
                         (clock sys_clk_pin rise edge)
                                                      0.000     0.000 r  
    L16                                               0.000     0.000 r  clk (IN)
                         net (fo=0)                   0.000     0.000    clk
    L16                  IBUF (Prop_ibuf_I_O)         1.491     1.491 r  clk_IBUF_inst/O
                         net (fo=1, routed)           2.076     3.567    clk_IBUF
    BUFGCTRL_X0Y16       BUFG (Prop_bufg_I_O)         0.101     3.668 r  clk_IBUF_BUFG_inst/O
                         net (fo=29, routed)          1.729     5.397    clk_IBUF_BUFG
    SLICE_X43Y68         FDRE                                         r  counter_reg[1]/C
  -------------------------------------------------------------------    -------------------
    SLICE_X43Y68         FDRE (Prop_fdre_C_Q)         0.456     5.853 r  counter_reg[1]/Q
                         net (fo=1, routed)           0.480     6.334    counter_reg_n_0_[1]
    SLICE_X43Y68         CARRY4 (Prop_carry4_S[1]_CO[3])
                                                      0.674     7.008 r  counter_reg[0]_i_1/CO[3]
                         net (fo=1, routed)           0.000     7.008    counter_reg[0]_i_1_n_0
    SLICE_X43Y69         CARRY4 (Prop_carry4_CI_CO[3])
                                                      0.114     7.122 r  counter_reg[4]_i_1/CO[3]
                         net (fo=1, routed)           0.000     7.122    counter_reg[4]_i_1_n_0
    SLICE_X43Y70         CARRY4 (Prop_carry4_CI_CO[3])
                                                      0.114     7.236 r  counter_reg[8]_i_1/CO[3]
                         net (fo=1, routed)           0.000     7.236    counter_reg[8]_i_1_n_0
    SLICE_X43Y71         CARRY4 (Prop_carry4_CI_CO[3])
                                                      0.114     7.350 r  counter_reg[12]_i_1/CO[3]
                         net (fo=1, routed)           0.000     7.350    counter_reg[12]_i_1_n_0
    SLICE_X43Y72         CARRY4 (Prop_carry4_CI_CO[3])
                                                      0.114     7.464 r  counter_reg[16]_i_1/CO[3]
                         net (fo=1, routed)           0.000     7.464    counter_reg[16]_i_1_n_0
    SLICE_X43Y73         CARRY4 (Prop_carry4_CI_CO[3])
                                                      0.114     7.578 r  counter_reg[20]_i_1/CO[3]
                         net (fo=1, routed)           0.000     7.578    counter_reg[20]_i_1_n_0
    SLICE_X43Y74         CARRY4 (Prop_carry4_CI_O[0])
                                                      0.223     7.801 r  counter_reg[24]_i_1/O[0]
                         net (fo=1, routed)           0.000     7.801    counter_reg[24]_i_1_n_7
    SLICE_X43Y74         FDRE                                         r  counter_reg[24]/D
  -------------------------------------------------------------------    -------------------

                         (clock sys_clk_pin rise edge)
                                                      8.000     8.000 r  
    L16                                               0.000     8.000 r  clk (IN)
                         net (fo=0)                   0.000     8.000    clk
    L16                  IBUF (Prop_ibuf_I_O)         1.421     9.421 r  clk_IBUF_inst/O
                         net (fo=1, routed)           1.880    11.301    clk_IBUF
    BUFGCTRL_X0Y16       BUFG (Prop_bufg_I_O)         0.091    11.392 r  clk_IBUF_BUFG_inst/O
                         net (fo=29, routed)          1.546    12.937    clk_IBUF_BUFG
    SLICE_X43Y74         FDRE                                         r  counter_reg[24]/C
                         clock pessimism              0.429    13.366    
                         clock uncertainty           -0.035    13.331    
    SLICE_X43Y74         FDRE (Setup_fdre_C_D)        0.062    13.393    counter_reg[24]
  -------------------------------------------------------------------
                         required time                         13.393    
                         arrival time                          -7.801    
  -------------------------------------------------------------------
                         slack                                  5.592    

Slack (MET) :             5.597ns  (required time - arrival time)
  Source:                 counter_reg[1]/C
                            (rising edge-triggered cell FDRE clocked by sys_clk_pin  {rise@0.000ns fall@4.000ns period=8.000ns})
  Destination:            counter_reg[21]/D
                            (rising edge-triggered cell FDRE clocked by sys_clk_pin  {rise@0.000ns fall@4.000ns period=8.000ns})
  Path Group:             sys_clk_pin
  Path Type:              Setup (Max at Slow Process Corner)
  Requirement:            8.000ns  (sys_clk_pin rise@8.000ns - sys_clk_pin rise@0.000ns)
  Data Path Delay:        2.400ns  (logic 1.920ns (79.984%)  route 0.480ns (20.016%))
  Logic Levels:           6  (CARRY4=6)
  Clock Path Skew:        -0.029ns (DCD - SCD + CPR)
    Destination Clock Delay (DCD):    4.939ns = ( 12.939 - 8.000 ) 
    Source Clock Delay      (SCD):    5.397ns
    Clock Pessimism Removal (CPR):    0.429ns
  Clock Uncertainty:      0.035ns  ((TSJ^2 + TIJ^2)^1/2 + DJ) / 2 + PE
    Total System Jitter     (TSJ):    0.071ns
    Total Input Jitter      (TIJ):    0.000ns
    Discrete Jitter          (DJ):    0.000ns
    Phase Error              (PE):    0.000ns

    Location             Delay type                Incr(ns)  Path(ns)    Netlist Resource(s)
  -------------------------------------------------------------------    -------------------
                         (clock sys_clk_pin rise edge)
                                                      0.000     0.000 r  
    L16                                               0.000     0.000 r  clk (IN)
                         net (fo=0)                   0.000     0.000    clk
    L16                  IBUF (Prop_ibuf_I_O)         1.491     1.491 r  clk_IBUF_inst/O
                         net (fo=1, routed)           2.076     3.567    clk_IBUF
    BUFGCTRL_X0Y16       BUFG (Prop_bufg_I_O)         0.101     3.668 r  clk_IBUF_BUFG_inst/O
                         net (fo=29, routed)          1.729     5.397    clk_IBUF_BUFG
    SLICE_X43Y68         FDRE                                         r  counter_reg[1]/C
  -------------------------------------------------------------------    -------------------
    SLICE_X43Y68         FDRE (Prop_fdre_C_Q)         0.456     5.853 r  counter_reg[1]/Q
                         net (fo=1, routed)           0.480     6.334    counter_reg_n_0_[1]
    SLICE_X43Y68         CARRY4 (Prop_carry4_S[1]_CO[3])
                                                      0.674     7.008 r  counter_reg[0]_i_1/CO[3]
                         net (fo=1, routed)           0.000     7.008    counter_reg[0]_i_1_n_0
    SLICE_X43Y69         CARRY4 (Prop_carry4_CI_CO[3])
                                                      0.114     7.122 r  counter_reg[4]_i_1/CO[3]
                         net (fo=1, routed)           0.000     7.122    counter_reg[4]_i_1_n_0
    SLICE_X43Y70         CARRY4 (Prop_carry4_CI_CO[3])
                                                      0.114     7.236 r  counter_reg[8]_i_1/CO[3]
                         net (fo=1, routed)           0.000     7.236    counter_reg[8]_i_1_n_0
    SLICE_X43Y71         CARRY4 (Prop_carry4_CI_CO[3])
                                                      0.114     7.350 r  counter_reg[12]_i_1/CO[3]
                         net (fo=1, routed)           0.000     7.350    counter_reg[12]_i_1_n_0
    SLICE_X43Y72         CARRY4 (Prop_carry4_CI_CO[3])
                                                      0.114     7.464 r  counter_reg[16]_i_1/CO[3]
                         net (fo=1, routed)           0.000     7.464    counter_reg[16]_i_1_n_0
    SLICE_X43Y73         CARRY4 (Prop_carry4_CI_O[1])
                                                      0.334     7.798 r  counter_reg[20]_i_1/O[1]
                         net (fo=1, routed)           0.000     7.798    counter_reg[20]_i_1_n_6
    SLICE_X43Y73         FDRE                                         r  counter_reg[21]/D
  -------------------------------------------------------------------    -------------------

                         (clock sys_clk_pin rise edge)
                                                      8.000     8.000 r  
    L16                                               0.000     8.000 r  clk (IN)
                         net (fo=0)                   0.000     8.000    clk
    L16                  IBUF (Prop_ibuf_I_O)         1.421     9.421 r  clk_IBUF_inst/O
                         net (fo=1, routed)           1.880    11.301    clk_IBUF
    BUFGCTRL_X0Y16       BUFG (Prop_bufg_I_O)         0.091    11.392 r  clk_IBUF_BUFG_inst/O
                         net (fo=29, routed)          1.548    12.939    clk_IBUF_BUFG
    SLICE_X43Y73         FDRE                                         r  counter_reg[21]/C
                         clock pessimism              0.429    13.368    
                         clock uncertainty           -0.035    13.333    
    SLICE_X43Y73         FDRE (Setup_fdre_C_D)        0.062    13.395    counter_reg[21]
  -------------------------------------------------------------------
                         required time                         13.395    
                         arrival time                          -7.798    
  -------------------------------------------------------------------
                         slack                                  5.597    

Slack (MET) :             5.618ns  (required time - arrival time)
  Source:                 counter_reg[1]/C
                            (rising edge-triggered cell FDRE clocked by sys_clk_pin  {rise@0.000ns fall@4.000ns period=8.000ns})
  Destination:            counter_reg[23]/D
                            (rising edge-triggered cell FDRE clocked by sys_clk_pin  {rise@0.000ns fall@4.000ns period=8.000ns})
  Path Group:             sys_clk_pin
  Path Type:              Setup (Max at Slow Process Corner)
  Requirement:            8.000ns  (sys_clk_pin rise@8.000ns - sys_clk_pin rise@0.000ns)
  Data Path Delay:        2.379ns  (logic 1.899ns (79.807%)  route 0.480ns (20.193%))
  Logic Levels:           6  (CARRY4=6)
  Clock Path Skew:        -0.029ns (DCD - SCD + CPR)
    Destination Clock Delay (DCD):    4.939ns = ( 12.939 - 8.000 ) 
    Source Clock Delay      (SCD):    5.397ns
    Clock Pessimism Removal (CPR):    0.429ns
  Clock Uncertainty:      0.035ns  ((TSJ^2 + TIJ^2)^1/2 + DJ) / 2 + PE
    Total System Jitter     (TSJ):    0.071ns
    Total Input Jitter      (TIJ):    0.000ns
    Discrete Jitter          (DJ):    0.000ns
    Phase Error              (PE):    0.000ns

    Location             Delay type                Incr(ns)  Path(ns)    Netlist Resource(s)
  -------------------------------------------------------------------    -------------------
                         (clock sys_clk_pin rise edge)
                                                      0.000     0.000 r  
    L16                                               0.000     0.000 r  clk (IN)
                         net (fo=0)                   0.000     0.000    clk
    L16                  IBUF (Prop_ibuf_I_O)         1.491     1.491 r  clk_IBUF_inst/O
                         net (fo=1, routed)           2.076     3.567    clk_IBUF
    BUFGCTRL_X0Y16       BUFG (Prop_bufg_I_O)         0.101     3.668 r  clk_IBUF_BUFG_inst/O
                         net (fo=29, routed)          1.729     5.397    clk_IBUF_BUFG
    SLICE_X43Y68         FDRE                                         r  counter_reg[1]/C
  -------------------------------------------------------------------    -------------------
    SLICE_X43Y68         FDRE (Prop_fdre_C_Q)         0.456     5.853 r  counter_reg[1]/Q
                         net (fo=1, routed)           0.480     6.334    counter_reg_n_0_[1]
    SLICE_X43Y68         CARRY4 (Prop_carry4_S[1]_CO[3])
                                                      0.674     7.008 r  counter_reg[0]_i_1/CO[3]
                         net (fo=1, routed)           0.000     7.008    counter_reg[0]_i_1_n_0
    SLICE_X43Y69         CARRY4 (Prop_carry4_CI_CO[3])
                                                      0.114     7.122 r  counter_reg[4]_i_1/CO[3]
                         net (fo=1, routed)           0.000     7.122    counter_reg[4]_i_1_n_0
    SLICE_X43Y70         CARRY4 (Prop_carry4_CI_CO[3])
                                                      0.114     7.236 r  counter_reg[8]_i_1/CO[3]
                         net (fo=1, routed)           0.000     7.236    counter_reg[8]_i_1_n_0
    SLICE_X43Y71         CARRY4 (Prop_carry4_CI_CO[3])
                                                      0.114     7.350 r  counter_reg[12]_i_1/CO[3]
                         net (fo=1, routed)           0.000     7.350    counter_reg[12]_i_1_n_0
    SLICE_X43Y72         CARRY4 (Prop_carry4_CI_CO[3])
                                                      0.114     7.464 r  counter_reg[16]_i_1/CO[3]
                         net (fo=1, routed)           0.000     7.464    counter_reg[16]_i_1_n_0
    SLICE_X43Y73         CARRY4 (Prop_carry4_CI_O[3])
                                                      0.313     7.777 r  counter_reg[20]_i_1/O[3]
                         net (fo=1, routed)           0.000     7.777    counter_reg[20]_i_1_n_4
    SLICE_X43Y73         FDRE                                         r  counter_reg[23]/D
  -------------------------------------------------------------------    -------------------

                         (clock sys_clk_pin rise edge)
                                                      8.000     8.000 r  
    L16                                               0.000     8.000 r  clk (IN)
                         net (fo=0)                   0.000     8.000    clk
    L16                  IBUF (Prop_ibuf_I_O)         1.421     9.421 r  clk_IBUF_inst/O
                         net (fo=1, routed)           1.880    11.301    clk_IBUF
    BUFGCTRL_X0Y16       BUFG (Prop_bufg_I_O)         0.091    11.392 r  clk_IBUF_BUFG_inst/O
                         net (fo=29, routed)          1.548    12.939    clk_IBUF_BUFG
    SLICE_X43Y73         FDRE                                         r  counter_reg[23]/C
                         clock pessimism              0.429    13.368    
                         clock uncertainty           -0.035    13.333    
    SLICE_X43Y73         FDRE (Setup_fdre_C_D)        0.062    13.395    counter_reg[23]
  -------------------------------------------------------------------
                         required time                         13.395    
                         arrival time                          -7.777    
  -------------------------------------------------------------------
                         slack                                  5.618    

Slack (MET) :             5.692ns  (required time - arrival time)
  Source:                 counter_reg[1]/C
                            (rising edge-triggered cell FDRE clocked by sys_clk_pin  {rise@0.000ns fall@4.000ns period=8.000ns})
  Destination:            counter_reg[22]/D
                            (rising edge-triggered cell FDRE clocked by sys_clk_pin  {rise@0.000ns fall@4.000ns period=8.000ns})
  Path Group:             sys_clk_pin
  Path Type:              Setup (Max at Slow Process Corner)
  Requirement:            8.000ns  (sys_clk_pin rise@8.000ns - sys_clk_pin rise@0.000ns)
  Data Path Delay:        2.305ns  (logic 1.825ns (79.159%)  route 0.480ns (20.841%))
  Logic Levels:           6  (CARRY4=6)
  Clock Path Skew:        -0.029ns (DCD - SCD + CPR)
    Destination Clock Delay (DCD):    4.939ns = ( 12.939 - 8.000 ) 
    Source Clock Delay      (SCD):    5.397ns
    Clock Pessimism Removal (CPR):    0.429ns
  Clock Uncertainty:      0.035ns  ((TSJ^2 + TIJ^2)^1/2 + DJ) / 2 + PE
    Total System Jitter     (TSJ):    0.071ns
    Total Input Jitter      (TIJ):    0.000ns
    Discrete Jitter          (DJ):    0.000ns
    Phase Error              (PE):    0.000ns

    Location             Delay type                Incr(ns)  Path(ns)    Netlist Resource(s)
  -------------------------------------------------------------------    -------------------
                         (clock sys_clk_pin rise edge)
                                                      0.000     0.000 r  
    L16                                               0.000     0.000 r  clk (IN)
                         net (fo=0)                   0.000     0.000    clk
    L16                  IBUF (Prop_ibuf_I_O)         1.491     1.491 r  clk_IBUF_inst/O
                         net (fo=1, routed)           2.076     3.567    clk_IBUF
    BUFGCTRL_X0Y16       BUFG (Prop_bufg_I_O)         0.101     3.668 r  clk_IBUF_BUFG_inst/O
                         net (fo=29, routed)          1.729     5.397    clk_IBUF_BUFG
    SLICE_X43Y68         FDRE                                         r  counter_reg[1]/C
  -------------------------------------------------------------------    -------------------
    SLICE_X43Y68         FDRE (Prop_fdre_C_Q)         0.456     5.853 r  counter_reg[1]/Q
                         net (fo=1, routed)           0.480     6.334    counter_reg_n_0_[1]
    SLICE_X43Y68         CARRY4 (Prop_carry4_S[1]_CO[3])
                                                      0.674     7.008 r  counter_reg[0]_i_1/CO[3]
                         net (fo=1, routed)           0.000     7.008    counter_reg[0]_i_1_n_0
    SLICE_X43Y69         CARRY4 (Prop_carry4_CI_CO[3])
                                                      0.114     7.122 r  counter_reg[4]_i_1/CO[3]
                         net (fo=1, routed)           0.000     7.122    counter_reg[4]_i_1_n_0
    SLICE_X43Y70         CARRY4 (Prop_carry4_CI_CO[3])
                                                      0.114     7.236 r  counter_reg[8]_i_1/CO[3]
                         net (fo=1, routed)           0.000     7.236    counter_reg[8]_i_1_n_0
    SLICE_X43Y71         CARRY4 (Prop_carry4_CI_CO[3])
                                                      0.114     7.350 r  counter_reg[12]_i_1/CO[3]
                         net (fo=1, routed)           0.000     7.350    counter_reg[12]_i_1_n_0
    SLICE_X43Y72         CARRY4 (Prop_carry4_CI_CO[3])
                                                      0.114     7.464 r  counter_reg[16]_i_1/CO[3]
                         net (fo=1, routed)           0.000     7.464    counter_reg[16]_i_1_n_0
    SLICE_X43Y73         CARRY4 (Prop_carry4_CI_O[2])
                                                      0.239     7.703 r  counter_reg[20]_i_1/O[2]
                         net (fo=1, routed)           0.000     7.703    counter_reg[20]_i_1_n_5
    SLICE_X43Y73         FDRE                                         r  counter_reg[22]/D
  -------------------------------------------------------------------    -------------------

                         (clock sys_clk_pin rise edge)
                                                      8.000     8.000 r  
    L16                                               0.000     8.000 r  clk (IN)
                         net (fo=0)                   0.000     8.000    clk
    L16                  IBUF (Prop_ibuf_I_O)         1.421     9.421 r  clk_IBUF_inst/O
                         net (fo=1, routed)           1.880    11.301    clk_IBUF
    BUFGCTRL_X0Y16       BUFG (Prop_bufg_I_O)         0.091    11.392 r  clk_IBUF_BUFG_inst/O
                         net (fo=29, routed)          1.548    12.939    clk_IBUF_BUFG
    SLICE_X43Y73         FDRE                                         r  counter_reg[22]/C
                         clock pessimism              0.429    13.368    
                         clock uncertainty           -0.035    13.333    
    SLICE_X43Y73         FDRE (Setup_fdre_C_D)        0.062    13.395    counter_reg[22]
  -------------------------------------------------------------------
                         required time                         13.395    
                         arrival time                          -7.703    
  -------------------------------------------------------------------
                         slack                                  5.692    

Slack (MET) :             5.708ns  (required time - arrival time)
  Source:                 counter_reg[1]/C
                            (rising edge-triggered cell FDRE clocked by sys_clk_pin  {rise@0.000ns fall@4.000ns period=8.000ns})
  Destination:            counter_reg[20]/D
                            (rising edge-triggered cell FDRE clocked by sys_clk_pin  {rise@0.000ns fall@4.000ns period=8.000ns})
  Path Group:             sys_clk_pin
  Path Type:              Setup (Max at Slow Process Corner)
  Requirement:            8.000ns  (sys_clk_pin rise@8.000ns - sys_clk_pin rise@0.000ns)
  Data Path Delay:        2.289ns  (logic 1.809ns (79.013%)  route 0.480ns (20.987%))
  Logic Levels:           6  (CARRY4=6)
  Clock Path Skew:        -0.029ns (DCD - SCD + CPR)
    Destination Clock Delay (DCD):    4.939ns = ( 12.939 - 8.000 ) 
    Source Clock Delay      (SCD):    5.397ns
    Clock Pessimism Removal (CPR):    0.429ns
  Clock Uncertainty:      0.035ns  ((TSJ^2 + TIJ^2)^1/2 + DJ) / 2 + PE
    Total System Jitter     (TSJ):    0.071ns
    Total Input Jitter      (TIJ):    0.000ns
    Discrete Jitter          (DJ):    0.000ns
    Phase Error              (PE):    0.000ns

    Location             Delay type                Incr(ns)  Path(ns)    Netlist Resource(s)
  -------------------------------------------------------------------    -------------------
                         (clock sys_clk_pin rise edge)
                                                      0.000     0.000 r  
    L16                                               0.000     0.000 r  clk (IN)
                         net (fo=0)                   0.000     0.000    clk
    L16                  IBUF (Prop_ibuf_I_O)         1.491     1.491 r  clk_IBUF_inst/O
                         net (fo=1, routed)           2.076     3.567    clk_IBUF
    BUFGCTRL_X0Y16       BUFG (Prop_bufg_I_O)         0.101     3.668 r  clk_IBUF_BUFG_inst/O
                         net (fo=29, routed)          1.729     5.397    clk_IBUF_BUFG
    SLICE_X43Y68         FDRE                                         r  counter_reg[1]/C
  -------------------------------------------------------------------    -------------------
    SLICE_X43Y68         FDRE (Prop_fdre_C_Q)         0.456     5.853 r  counter_reg[1]/Q
                         net (fo=1, routed)           0.480     6.334    counter_reg_n_0_[1]
    SLICE_X43Y68         CARRY4 (Prop_carry4_S[1]_CO[3])
                                                      0.674     7.008 r  counter_reg[0]_i_1/CO[3]
                         net (fo=1, routed)           0.000     7.008    counter_reg[0]_i_1_n_0
    SLICE_X43Y69         CARRY4 (Prop_carry4_CI_CO[3])
                                                      0.114     7.122 r  counter_reg[4]_i_1/CO[3]
                         net (fo=1, routed)           0.000     7.122    counter_reg[4]_i_1_n_0
    SLICE_X43Y70         CARRY4 (Prop_carry4_CI_CO[3])
                                                      0.114     7.236 r  counter_reg[8]_i_1/CO[3]
                         net (fo=1, routed)           0.000     7.236    counter_reg[8]_i_1_n_0
    SLICE_X43Y71         CARRY4 (Prop_carry4_CI_CO[3])
                                                      0.114     7.350 r  counter_reg[12]_i_1/CO[3]
                         net (fo=1, routed)           0.000     7.350    counter_reg[12]_i_1_n_0
    SLICE_X43Y72         CARRY4 (Prop_carry4_CI_CO[3])
                                                      0.114     7.464 r  counter_reg[16]_i_1/CO[3]
                         net (fo=1, routed)           0.000     7.464    counter_reg[16]_i_1_n_0
    SLICE_X43Y73         CARRY4 (Prop_carry4_CI_O[0])
                                                      0.223     7.687 r  counter_reg[20]_i_1/O[0]
                         net (fo=1, routed)           0.000     7.687    counter_reg[20]_i_1_n_7
    SLICE_X43Y73         FDRE                                         r  counter_reg[20]/D
  -------------------------------------------------------------------    -------------------

                         (clock sys_clk_pin rise edge)
                                                      8.000     8.000 r  
    L16                                               0.000     8.000 r  clk (IN)
                         net (fo=0)                   0.000     8.000    clk
    L16                  IBUF (Prop_ibuf_I_O)         1.421     9.421 r  clk_IBUF_inst/O
                         net (fo=1, routed)           1.880    11.301    clk_IBUF
    BUFGCTRL_X0Y16       BUFG (Prop_bufg_I_O)         0.091    11.392 r  clk_IBUF_BUFG_inst/O
                         net (fo=29, routed)          1.548    12.939    clk_IBUF_BUFG
    SLICE_X43Y73         FDRE                                         r  counter_reg[20]/C
                         clock pessimism              0.429    13.368    
                         clock uncertainty           -0.035    13.333    
    SLICE_X43Y73         FDRE (Setup_fdre_C_D)        0.062    13.395    counter_reg[20]
  -------------------------------------------------------------------
                         required time                         13.395    
                         arrival time                          -7.687    
  -------------------------------------------------------------------
                         slack                                  5.708    

Slack (MET) :             5.712ns  (required time - arrival time)
  Source:                 counter_reg[1]/C
                            (rising edge-triggered cell FDRE clocked by sys_clk_pin  {rise@0.000ns fall@4.000ns period=8.000ns})
  Destination:            counter_reg[17]/D
                            (rising edge-triggered cell FDRE clocked by sys_clk_pin  {rise@0.000ns fall@4.000ns period=8.000ns})
  Path Group:             sys_clk_pin
  Path Type:              Setup (Max at Slow Process Corner)
  Requirement:            8.000ns  (sys_clk_pin rise@8.000ns - sys_clk_pin rise@0.000ns)
  Data Path Delay:        2.286ns  (logic 1.806ns (78.986%)  route 0.480ns (21.014%))
  Logic Levels:           5  (CARRY4=5)
  Clock Path Skew:        -0.028ns (DCD - SCD + CPR)
    Destination Clock Delay (DCD):    4.940ns = ( 12.940 - 8.000 ) 
    Source Clock Delay      (SCD):    5.397ns
    Clock Pessimism Removal (CPR):    0.429ns
  Clock Uncertainty:      0.035ns  ((TSJ^2 + TIJ^2)^1/2 + DJ) / 2 + PE
    Total System Jitter     (TSJ):    0.071ns
    Total Input Jitter      (TIJ):    0.000ns
    Discrete Jitter          (DJ):    0.000ns
    Phase Error              (PE):    0.000ns

    Location             Delay type                Incr(ns)  Path(ns)    Netlist Resource(s)
  -------------------------------------------------------------------    -------------------
                         (clock sys_clk_pin rise edge)
                                                      0.000     0.000 r  
    L16                                               0.000     0.000 r  clk (IN)
                         net (fo=0)                   0.000     0.000    clk
    L16                  IBUF (Prop_ibuf_I_O)         1.491     1.491 r  clk_IBUF_inst/O
                         net (fo=1, routed)           2.076     3.567    clk_IBUF
    BUFGCTRL_X0Y16       BUFG (Prop_bufg_I_O)         0.101     3.668 r  clk_IBUF_BUFG_inst/O
                         net (fo=29, routed)          1.729     5.397    clk_IBUF_BUFG
    SLICE_X43Y68         FDRE                                         r  counter_reg[1]/C
  -------------------------------------------------------------------    -------------------
    SLICE_X43Y68         FDRE (Prop_fdre_C_Q)         0.456     5.853 r  counter_reg[1]/Q
                         net (fo=1, routed)           0.480     6.334    counter_reg_n_0_[1]
    SLICE_X43Y68         CARRY4 (Prop_carry4_S[1]_CO[3])
                                                      0.674     7.008 r  counter_reg[0]_i_1/CO[3]
                         net (fo=1, routed)           0.000     7.008    counter_reg[0]_i_1_n_0
    SLICE_X43Y69         CARRY4 (Prop_carry4_CI_CO[3])
                                                      0.114     7.122 r  counter_reg[4]_i_1/CO[3]
                         net (fo=1, routed)           0.000     7.122    counter_reg[4]_i_1_n_0
    SLICE_X43Y70         CARRY4 (Prop_carry4_CI_CO[3])
                                                      0.114     7.236 r  counter_reg[8]_i_1/CO[3]
                         net (fo=1, routed)           0.000     7.236    counter_reg[8]_i_1_n_0
    SLICE_X43Y71         CARRY4 (Prop_carry4_CI_CO[3])
                                                      0.114     7.350 r  counter_reg[12]_i_1/CO[3]
                         net (fo=1, routed)           0.000     7.350    counter_reg[12]_i_1_n_0
    SLICE_X43Y72         CARRY4 (Prop_carry4_CI_O[1])
                                                      0.334     7.684 r  counter_reg[16]_i_1/O[1]
                         net (fo=1, routed)           0.000     7.684    counter_reg[16]_i_1_n_6
    SLICE_X43Y72         FDRE                                         r  counter_reg[17]/D
  -------------------------------------------------------------------    -------------------

                         (clock sys_clk_pin rise edge)
                                                      8.000     8.000 r  
    L16                                               0.000     8.000 r  clk (IN)
                         net (fo=0)                   0.000     8.000    clk
    L16                  IBUF (Prop_ibuf_I_O)         1.421     9.421 r  clk_IBUF_inst/O
                         net (fo=1, routed)           1.880    11.301    clk_IBUF
    BUFGCTRL_X0Y16       BUFG (Prop_bufg_I_O)         0.091    11.392 r  clk_IBUF_BUFG_inst/O
                         net (fo=29, routed)          1.549    12.940    clk_IBUF_BUFG
    SLICE_X43Y72         FDRE                                         r  counter_reg[17]/C
                         clock pessimism              0.429    13.369    
                         clock uncertainty           -0.035    13.334    
    SLICE_X43Y72         FDRE (Setup_fdre_C_D)        0.062    13.396    counter_reg[17]
  -------------------------------------------------------------------
                         required time                         13.396    
                         arrival time                          -7.684    
  -------------------------------------------------------------------
                         slack                                  5.712    





Min Delay Paths
--------------------------------------------------------------------------------------
Slack (MET) :             0.252ns  (arrival time - required time)
  Source:                 counter_reg[11]/C
                            (rising edge-triggered cell FDRE clocked by sys_clk_pin  {rise@0.000ns fall@4.000ns period=8.000ns})
  Destination:            counter_reg[11]/D
                            (rising edge-triggered cell FDRE clocked by sys_clk_pin  {rise@0.000ns fall@4.000ns period=8.000ns})
  Path Group:             sys_clk_pin
  Path Type:              Hold (Min at Fast Process Corner)
  Requirement:            0.000ns  (sys_clk_pin rise@0.000ns - sys_clk_pin rise@0.000ns)
  Data Path Delay:        0.357ns  (logic 0.249ns (69.714%)  route 0.108ns (30.286%))
  Logic Levels:           1  (CARRY4=1)
  Clock Path Skew:        0.000ns (DCD - SCD - CPR)
    Destination Clock Delay (DCD):    2.006ns
    Source Clock Delay      (SCD):    1.491ns
    Clock Pessimism Removal (CPR):    0.515ns

    Location             Delay type                Incr(ns)  Path(ns)    Netlist Resource(s)
  -------------------------------------------------------------------    -------------------
                         (clock sys_clk_pin rise edge)
                                                      0.000     0.000 r  
    L16                                               0.000     0.000 r  clk (IN)
                         net (fo=0)                   0.000     0.000    clk
    L16                  IBUF (Prop_ibuf_I_O)         0.259     0.259 r  clk_IBUF_inst/O
                         net (fo=1, routed)           0.627     0.886    clk_IBUF
    BUFGCTRL_X0Y16       BUFG (Prop_bufg_I_O)         0.026     0.912 r  clk_IBUF_BUFG_inst/O
                         net (fo=29, routed)          0.579     1.491    clk_IBUF_BUFG
    SLICE_X43Y70         FDRE                                         r  counter_reg[11]/C
  -------------------------------------------------------------------    -------------------
    SLICE_X43Y70         FDRE (Prop_fdre_C_Q)         0.141     1.632 r  counter_reg[11]/Q
                         net (fo=1, routed)           0.108     1.740    counter_reg_n_0_[11]
    SLICE_X43Y70         CARRY4 (Prop_carry4_S[3]_O[3])
                                                      0.108     1.848 r  counter_reg[8]_i_1/O[3]
                         net (fo=1, routed)           0.000     1.848    counter_reg[8]_i_1_n_4
    SLICE_X43Y70         FDRE                                         r  counter_reg[11]/D
  -------------------------------------------------------------------    -------------------

                         (clock sys_clk_pin rise edge)
                                                      0.000     0.000 r  
    L16                                               0.000     0.000 r  clk (IN)
                         net (fo=0)                   0.000     0.000    clk
    L16                  IBUF (Prop_ibuf_I_O)         0.447     0.447 r  clk_IBUF_inst/O
                         net (fo=1, routed)           0.683     1.130    clk_IBUF
    BUFGCTRL_X0Y16       BUFG (Prop_bufg_I_O)         0.029     1.159 r  clk_IBUF_BUFG_inst/O
                         net (fo=29, routed)          0.847     2.006    clk_IBUF_BUFG
    SLICE_X43Y70         FDRE                                         r  counter_reg[11]/C
                         clock pessimism             -0.515     1.491    
    SLICE_X43Y70         FDRE (Hold_fdre_C_D)         0.105     1.596    counter_reg[11]
  -------------------------------------------------------------------
                         required time                         -1.596    
                         arrival time                           1.848    
  -------------------------------------------------------------------
                         slack                                  0.252    

Slack (MET) :             0.252ns  (arrival time - required time)
  Source:                 counter_reg[7]/C
                            (rising edge-triggered cell FDRE clocked by sys_clk_pin  {rise@0.000ns fall@4.000ns period=8.000ns})
  Destination:            counter_reg[7]/D
                            (rising edge-triggered cell FDRE clocked by sys_clk_pin  {rise@0.000ns fall@4.000ns period=8.000ns})
  Path Group:             sys_clk_pin
  Path Type:              Hold (Min at Fast Process Corner)
  Requirement:            0.000ns  (sys_clk_pin rise@0.000ns - sys_clk_pin rise@0.000ns)
  Data Path Delay:        0.357ns  (logic 0.249ns (69.714%)  route 0.108ns (30.286%))
  Logic Levels:           1  (CARRY4=1)
  Clock Path Skew:        0.000ns (DCD - SCD - CPR)
    Destination Clock Delay (DCD):    2.007ns
    Source Clock Delay      (SCD):    1.492ns
    Clock Pessimism Removal (CPR):    0.515ns

    Location             Delay type                Incr(ns)  Path(ns)    Netlist Resource(s)
  -------------------------------------------------------------------    -------------------
                         (clock sys_clk_pin rise edge)
                                                      0.000     0.000 r  
    L16                                               0.000     0.000 r  clk (IN)
                         net (fo=0)                   0.000     0.000    clk
    L16                  IBUF (Prop_ibuf_I_O)         0.259     0.259 r  clk_IBUF_inst/O
                         net (fo=1, routed)           0.627     0.886    clk_IBUF
    BUFGCTRL_X0Y16       BUFG (Prop_bufg_I_O)         0.026     0.912 r  clk_IBUF_BUFG_inst/O
                         net (fo=29, routed)          0.580     1.492    clk_IBUF_BUFG
    SLICE_X43Y69         FDRE                                         r  counter_reg[7]/C
  -------------------------------------------------------------------    -------------------
    SLICE_X43Y69         FDRE (Prop_fdre_C_Q)         0.141     1.633 r  counter_reg[7]/Q
                         net (fo=1, routed)           0.108     1.741    counter_reg_n_0_[7]
    SLICE_X43Y69         CARRY4 (Prop_carry4_S[3]_O[3])
                                                      0.108     1.849 r  counter_reg[4]_i_1/O[3]
                         net (fo=1, routed)           0.000     1.849    counter_reg[4]_i_1_n_4
    SLICE_X43Y69         FDRE                                         r  counter_reg[7]/D
  -------------------------------------------------------------------    -------------------

                         (clock sys_clk_pin rise edge)
                                                      0.000     0.000 r  
    L16                                               0.000     0.000 r  clk (IN)
                         net (fo=0)                   0.000     0.000    clk
    L16                  IBUF (Prop_ibuf_I_O)         0.447     0.447 r  clk_IBUF_inst/O
                         net (fo=1, routed)           0.683     1.130    clk_IBUF
    BUFGCTRL_X0Y16       BUFG (Prop_bufg_I_O)         0.029     1.159 r  clk_IBUF_BUFG_inst/O
                         net (fo=29, routed)          0.848     2.007    clk_IBUF_BUFG
    SLICE_X43Y69         FDRE                                         r  counter_reg[7]/C
                         clock pessimism             -0.515     1.492    
    SLICE_X43Y69         FDRE (Hold_fdre_C_D)         0.105     1.597    counter_reg[7]
  -------------------------------------------------------------------
                         required time                         -1.597    
                         arrival time                           1.849    
  -------------------------------------------------------------------
                         slack                                  0.252    

Slack (MET) :             0.252ns  (arrival time - required time)
  Source:                 counter_reg[15]/C
                            (rising edge-triggered cell FDRE clocked by sys_clk_pin  {rise@0.000ns fall@4.000ns period=8.000ns})
  Destination:            counter_reg[15]/D
                            (rising edge-triggered cell FDRE clocked by sys_clk_pin  {rise@0.000ns fall@4.000ns period=8.000ns})
  Path Group:             sys_clk_pin
  Path Type:              Hold (Min at Fast Process Corner)
  Requirement:            0.000ns  (sys_clk_pin rise@0.000ns - sys_clk_pin rise@0.000ns)
  Data Path Delay:        0.357ns  (logic 0.249ns (69.714%)  route 0.108ns (30.286%))
  Logic Levels:           1  (CARRY4=1)
  Clock Path Skew:        0.000ns (DCD - SCD - CPR)
    Destination Clock Delay (DCD):    2.005ns
    Source Clock Delay      (SCD):    1.490ns
    Clock Pessimism Removal (CPR):    0.515ns

    Location             Delay type                Incr(ns)  Path(ns)    Netlist Resource(s)
  -------------------------------------------------------------------    -------------------
                         (clock sys_clk_pin rise edge)
                                                      0.000     0.000 r  
    L16                                               0.000     0.000 r  clk (IN)
                         net (fo=0)                   0.000     0.000    clk
    L16                  IBUF (Prop_ibuf_I_O)         0.259     0.259 r  clk_IBUF_inst/O
                         net (fo=1, routed)           0.627     0.886    clk_IBUF
    BUFGCTRL_X0Y16       BUFG (Prop_bufg_I_O)         0.026     0.912 r  clk_IBUF_BUFG_inst/O
                         net (fo=29, routed)          0.578     1.490    clk_IBUF_BUFG
    SLICE_X43Y71         FDRE                                         r  counter_reg[15]/C
  -------------------------------------------------------------------    -------------------
    SLICE_X43Y71         FDRE (Prop_fdre_C_Q)         0.141     1.631 r  counter_reg[15]/Q
                         net (fo=1, routed)           0.108     1.739    counter_reg_n_0_[15]
    SLICE_X43Y71         CARRY4 (Prop_carry4_S[3]_O[3])
                                                      0.108     1.847 r  counter_reg[12]_i_1/O[3]
                         net (fo=1, routed)           0.000     1.847    counter_reg[12]_i_1_n_4
    SLICE_X43Y71         FDRE                                         r  counter_reg[15]/D
  -------------------------------------------------------------------    -------------------

                         (clock sys_clk_pin rise edge)
                                                      0.000     0.000 r  
    L16                                               0.000     0.000 r  clk (IN)
                         net (fo=0)                   0.000     0.000    clk
    L16                  IBUF (Prop_ibuf_I_O)         0.447     0.447 r  clk_IBUF_inst/O
                         net (fo=1, routed)           0.683     1.130    clk_IBUF
    BUFGCTRL_X0Y16       BUFG (Prop_bufg_I_O)         0.029     1.159 r  clk_IBUF_BUFG_inst/O
                         net (fo=29, routed)          0.846     2.005    clk_IBUF_BUFG
    SLICE_X43Y71         FDRE                                         r  counter_reg[15]/C
                         clock pessimism             -0.515     1.490    
    SLICE_X43Y71         FDRE (Hold_fdre_C_D)         0.105     1.595    counter_reg[15]
  -------------------------------------------------------------------
                         required time                         -1.595    
                         arrival time                           1.847    
  -------------------------------------------------------------------
                         slack                                  0.252    

Slack (MET) :             0.252ns  (arrival time - required time)
  Source:                 counter_reg[19]/C
                            (rising edge-triggered cell FDRE clocked by sys_clk_pin  {rise@0.000ns fall@4.000ns period=8.000ns})
  Destination:            counter_reg[19]/D
                            (rising edge-triggered cell FDRE clocked by sys_clk_pin  {rise@0.000ns fall@4.000ns period=8.000ns})
  Path Group:             sys_clk_pin
  Path Type:              Hold (Min at Fast Process Corner)
  Requirement:            0.000ns  (sys_clk_pin rise@0.000ns - sys_clk_pin rise@0.000ns)
  Data Path Delay:        0.357ns  (logic 0.249ns (69.714%)  route 0.108ns (30.286%))
  Logic Levels:           1  (CARRY4=1)
  Clock Path Skew:        0.000ns (DCD - SCD - CPR)
    Destination Clock Delay (DCD):    2.004ns
    Source Clock Delay      (SCD):    1.490ns
    Clock Pessimism Removal (CPR):    0.514ns

    Location             Delay type                Incr(ns)  Path(ns)    Netlist Resource(s)
  -------------------------------------------------------------------    -------------------
                         (clock sys_clk_pin rise edge)
                                                      0.000     0.000 r  
    L16                                               0.000     0.000 r  clk (IN)
                         net (fo=0)                   0.000     0.000    clk
    L16                  IBUF (Prop_ibuf_I_O)         0.259     0.259 r  clk_IBUF_inst/O
                         net (fo=1, routed)           0.627     0.886    clk_IBUF
    BUFGCTRL_X0Y16       BUFG (Prop_bufg_I_O)         0.026     0.912 r  clk_IBUF_BUFG_inst/O
                         net (fo=29, routed)          0.578     1.490    clk_IBUF_BUFG
    SLICE_X43Y72         FDRE                                         r  counter_reg[19]/C
  -------------------------------------------------------------------    -------------------
    SLICE_X43Y72         FDRE (Prop_fdre_C_Q)         0.141     1.631 r  counter_reg[19]/Q
                         net (fo=1, routed)           0.108     1.739    counter_reg_n_0_[19]
    SLICE_X43Y72         CARRY4 (Prop_carry4_S[3]_O[3])
                                                      0.108     1.847 r  counter_reg[16]_i_1/O[3]
                         net (fo=1, routed)           0.000     1.847    counter_reg[16]_i_1_n_4
    SLICE_X43Y72         FDRE                                         r  counter_reg[19]/D
  -------------------------------------------------------------------    -------------------

                         (clock sys_clk_pin rise edge)
                                                      0.000     0.000 r  
    L16                                               0.000     0.000 r  clk (IN)
                         net (fo=0)                   0.000     0.000    clk
    L16                  IBUF (Prop_ibuf_I_O)         0.447     0.447 r  clk_IBUF_inst/O
                         net (fo=1, routed)           0.683     1.130    clk_IBUF
    BUFGCTRL_X0Y16       BUFG (Prop_bufg_I_O)         0.029     1.159 r  clk_IBUF_BUFG_inst/O
                         net (fo=29, routed)          0.845     2.004    clk_IBUF_BUFG
    SLICE_X43Y72         FDRE                                         r  counter_reg[19]/C
                         clock pessimism             -0.514     1.490    
    SLICE_X43Y72         FDRE (Hold_fdre_C_D)         0.105     1.595    counter_reg[19]
  -------------------------------------------------------------------
                         required time                         -1.595    
                         arrival time                           1.847    
  -------------------------------------------------------------------
                         slack                                  0.252    

Slack (MET) :             0.252ns  (arrival time - required time)
  Source:                 counter_reg[23]/C
                            (rising edge-triggered cell FDRE clocked by sys_clk_pin  {rise@0.000ns fall@4.000ns period=8.000ns})
  Destination:            counter_reg[23]/D
                            (rising edge-triggered cell FDRE clocked by sys_clk_pin  {rise@0.000ns fall@4.000ns period=8.000ns})
  Path Group:             sys_clk_pin
  Path Type:              Hold (Min at Fast Process Corner)
  Requirement:            0.000ns  (sys_clk_pin rise@0.000ns - sys_clk_pin rise@0.000ns)
  Data Path Delay:        0.357ns  (logic 0.249ns (69.714%)  route 0.108ns (30.286%))
  Logic Levels:           1  (CARRY4=1)
  Clock Path Skew:        0.000ns (DCD - SCD - CPR)
    Destination Clock Delay (DCD):    2.002ns
    Source Clock Delay      (SCD):    1.488ns
    Clock Pessimism Removal (CPR):    0.514ns

    Location             Delay type                Incr(ns)  Path(ns)    Netlist Resource(s)
  -------------------------------------------------------------------    -------------------
                         (clock sys_clk_pin rise edge)
                                                      0.000     0.000 r  
    L16                                               0.000     0.000 r  clk (IN)
                         net (fo=0)                   0.000     0.000    clk
    L16                  IBUF (Prop_ibuf_I_O)         0.259     0.259 r  clk_IBUF_inst/O
                         net (fo=1, routed)           0.627     0.886    clk_IBUF
    BUFGCTRL_X0Y16       BUFG (Prop_bufg_I_O)         0.026     0.912 r  clk_IBUF_BUFG_inst/O
                         net (fo=29, routed)          0.576     1.488    clk_IBUF_BUFG
    SLICE_X43Y73         FDRE                                         r  counter_reg[23]/C
  -------------------------------------------------------------------    -------------------
    SLICE_X43Y73         FDRE (Prop_fdre_C_Q)         0.141     1.629 r  counter_reg[23]/Q
                         net (fo=1, routed)           0.108     1.737    counter_reg_n_0_[23]
    SLICE_X43Y73         CARRY4 (Prop_carry4_S[3]_O[3])
                                                      0.108     1.845 r  counter_reg[20]_i_1/O[3]
                         net (fo=1, routed)           0.000     1.845    counter_reg[20]_i_1_n_4
    SLICE_X43Y73         FDRE                                         r  counter_reg[23]/D
  -------------------------------------------------------------------    -------------------

                         (clock sys_clk_pin rise edge)
                                                      0.000     0.000 r  
    L16                                               0.000     0.000 r  clk (IN)
                         net (fo=0)                   0.000     0.000    clk
    L16                  IBUF (Prop_ibuf_I_O)         0.447     0.447 r  clk_IBUF_inst/O
                         net (fo=1, routed)           0.683     1.130    clk_IBUF
    BUFGCTRL_X0Y16       BUFG (Prop_bufg_I_O)         0.029     1.159 r  clk_IBUF_BUFG_inst/O
                         net (fo=29, routed)          0.843     2.002    clk_IBUF_BUFG
    SLICE_X43Y73         FDRE                                         r  counter_reg[23]/C
                         clock pessimism             -0.514     1.488    
    SLICE_X43Y73         FDRE (Hold_fdre_C_D)         0.105     1.593    counter_reg[23]
  -------------------------------------------------------------------
                         required time                         -1.593    
                         arrival time                           1.845    
  -------------------------------------------------------------------
                         slack                                  0.252    

Slack (MET) :             0.252ns  (arrival time - required time)
  Source:                 counter_reg[3]/C
                            (rising edge-triggered cell FDRE clocked by sys_clk_pin  {rise@0.000ns fall@4.000ns period=8.000ns})
  Destination:            counter_reg[3]/D
                            (rising edge-triggered cell FDRE clocked by sys_clk_pin  {rise@0.000ns fall@4.000ns period=8.000ns})
  Path Group:             sys_clk_pin
  Path Type:              Hold (Min at Fast Process Corner)
  Requirement:            0.000ns  (sys_clk_pin rise@0.000ns - sys_clk_pin rise@0.000ns)
  Data Path Delay:        0.357ns  (logic 0.249ns (69.714%)  route 0.108ns (30.286%))
  Logic Levels:           1  (CARRY4=1)
  Clock Path Skew:        0.000ns (DCD - SCD - CPR)
    Destination Clock Delay (DCD):    2.008ns
    Source Clock Delay      (SCD):    1.493ns
    Clock Pessimism Removal (CPR):    0.515ns

    Location             Delay type                Incr(ns)  Path(ns)    Netlist Resource(s)
  -------------------------------------------------------------------    -------------------
                         (clock sys_clk_pin rise edge)
                                                      0.000     0.000 r  
    L16                                               0.000     0.000 r  clk (IN)
                         net (fo=0)                   0.000     0.000    clk
    L16                  IBUF (Prop_ibuf_I_O)         0.259     0.259 r  clk_IBUF_inst/O
                         net (fo=1, routed)           0.627     0.886    clk_IBUF
    BUFGCTRL_X0Y16       BUFG (Prop_bufg_I_O)         0.026     0.912 r  clk_IBUF_BUFG_inst/O
                         net (fo=29, routed)          0.581     1.493    clk_IBUF_BUFG
    SLICE_X43Y68         FDRE                                         r  counter_reg[3]/C
  -------------------------------------------------------------------    -------------------
    SLICE_X43Y68         FDRE (Prop_fdre_C_Q)         0.141     1.634 r  counter_reg[3]/Q
                         net (fo=1, routed)           0.108     1.742    counter_reg_n_0_[3]
    SLICE_X43Y68         CARRY4 (Prop_carry4_S[3]_O[3])
                                                      0.108     1.850 r  counter_reg[0]_i_1/O[3]
                         net (fo=1, routed)           0.000     1.850    counter_reg[0]_i_1_n_4
    SLICE_X43Y68         FDRE                                         r  counter_reg[3]/D
  -------------------------------------------------------------------    -------------------

                         (clock sys_clk_pin rise edge)
                                                      0.000     0.000 r  
    L16                                               0.000     0.000 r  clk (IN)
                         net (fo=0)                   0.000     0.000    clk
    L16                  IBUF (Prop_ibuf_I_O)         0.447     0.447 r  clk_IBUF_inst/O
                         net (fo=1, routed)           0.683     1.130    clk_IBUF
    BUFGCTRL_X0Y16       BUFG (Prop_bufg_I_O)         0.029     1.159 r  clk_IBUF_BUFG_inst/O
                         net (fo=29, routed)          0.849     2.008    clk_IBUF_BUFG
    SLICE_X43Y68         FDRE                                         r  counter_reg[3]/C
                         clock pessimism             -0.515     1.493    
    SLICE_X43Y68         FDRE (Hold_fdre_C_D)         0.105     1.598    counter_reg[3]
  -------------------------------------------------------------------
                         required time                         -1.598    
                         arrival time                           1.850    
  -------------------------------------------------------------------
                         slack                                  0.252    

Slack (MET) :             0.256ns  (arrival time - required time)
  Source:                 counter_reg[24]/C
                            (rising edge-triggered cell FDRE clocked by sys_clk_pin  {rise@0.000ns fall@4.000ns period=8.000ns})
  Destination:            counter_reg[24]/D
                            (rising edge-triggered cell FDRE clocked by sys_clk_pin  {rise@0.000ns fall@4.000ns period=8.000ns})
  Path Group:             sys_clk_pin
  Path Type:              Hold (Min at Fast Process Corner)
  Requirement:            0.000ns  (sys_clk_pin rise@0.000ns - sys_clk_pin rise@0.000ns)
  Data Path Delay:        0.361ns  (logic 0.256ns (70.880%)  route 0.105ns (29.120%))
  Logic Levels:           1  (CARRY4=1)
  Clock Path Skew:        0.000ns (DCD - SCD - CPR)
    Destination Clock Delay (DCD):    2.001ns
    Source Clock Delay      (SCD):    1.487ns
    Clock Pessimism Removal (CPR):    0.514ns

    Location             Delay type                Incr(ns)  Path(ns)    Netlist Resource(s)
  -------------------------------------------------------------------    -------------------
                         (clock sys_clk_pin rise edge)
                                                      0.000     0.000 r  
    L16                                               0.000     0.000 r  clk (IN)
                         net (fo=0)                   0.000     0.000    clk
    L16                  IBUF (Prop_ibuf_I_O)         0.259     0.259 r  clk_IBUF_inst/O
                         net (fo=1, routed)           0.627     0.886    clk_IBUF
    BUFGCTRL_X0Y16       BUFG (Prop_bufg_I_O)         0.026     0.912 r  clk_IBUF_BUFG_inst/O
                         net (fo=29, routed)          0.575     1.487    clk_IBUF_BUFG
    SLICE_X43Y74         FDRE                                         r  counter_reg[24]/C
  -------------------------------------------------------------------    -------------------
    SLICE_X43Y74         FDRE (Prop_fdre_C_Q)         0.141     1.628 r  counter_reg[24]/Q
                         net (fo=1, routed)           0.105     1.733    counter_reg_n_0_[24]
    SLICE_X43Y74         CARRY4 (Prop_carry4_S[0]_O[0])
                                                      0.115     1.848 r  counter_reg[24]_i_1/O[0]
                         net (fo=1, routed)           0.000     1.848    counter_reg[24]_i_1_n_7
    SLICE_X43Y74         FDRE                                         r  counter_reg[24]/D
  -------------------------------------------------------------------    -------------------

                         (clock sys_clk_pin rise edge)
                                                      0.000     0.000 r  
    L16                                               0.000     0.000 r  clk (IN)
                         net (fo=0)                   0.000     0.000    clk
    L16                  IBUF (Prop_ibuf_I_O)         0.447     0.447 r  clk_IBUF_inst/O
                         net (fo=1, routed)           0.683     1.130    clk_IBUF
    BUFGCTRL_X0Y16       BUFG (Prop_bufg_I_O)         0.029     1.159 r  clk_IBUF_BUFG_inst/O
                         net (fo=29, routed)          0.842     2.001    clk_IBUF_BUFG
    SLICE_X43Y74         FDRE                                         r  counter_reg[24]/C
                         clock pessimism             -0.514     1.487    
    SLICE_X43Y74         FDRE (Hold_fdre_C_D)         0.105     1.592    counter_reg[24]
  -------------------------------------------------------------------
                         required time                         -1.592    
                         arrival time                           1.848    
  -------------------------------------------------------------------
                         slack                                  0.256    

Slack (MET) :             0.256ns  (arrival time - required time)
  Source:                 counter_reg[8]/C
                            (rising edge-triggered cell FDRE clocked by sys_clk_pin  {rise@0.000ns fall@4.000ns period=8.000ns})
  Destination:            counter_reg[8]/D
                            (rising edge-triggered cell FDRE clocked by sys_clk_pin  {rise@0.000ns fall@4.000ns period=8.000ns})
  Path Group:             sys_clk_pin
  Path Type:              Hold (Min at Fast Process Corner)
  Requirement:            0.000ns  (sys_clk_pin rise@0.000ns - sys_clk_pin rise@0.000ns)
  Data Path Delay:        0.361ns  (logic 0.256ns (70.880%)  route 0.105ns (29.120%))
  Logic Levels:           1  (CARRY4=1)
  Clock Path Skew:        0.000ns (DCD - SCD - CPR)
    Destination Clock Delay (DCD):    2.006ns
    Source Clock Delay      (SCD):    1.491ns
    Clock Pessimism Removal (CPR):    0.515ns

    Location             Delay type                Incr(ns)  Path(ns)    Netlist Resource(s)
  -------------------------------------------------------------------    -------------------
                         (clock sys_clk_pin rise edge)
                                                      0.000     0.000 r  
    L16                                               0.000     0.000 r  clk (IN)
                         net (fo=0)                   0.000     0.000    clk
    L16                  IBUF (Prop_ibuf_I_O)         0.259     0.259 r  clk_IBUF_inst/O
                         net (fo=1, routed)           0.627     0.886    clk_IBUF
    BUFGCTRL_X0Y16       BUFG (Prop_bufg_I_O)         0.026     0.912 r  clk_IBUF_BUFG_inst/O
                         net (fo=29, routed)          0.579     1.491    clk_IBUF_BUFG
    SLICE_X43Y70         FDRE                                         r  counter_reg[8]/C
  -------------------------------------------------------------------    -------------------
    SLICE_X43Y70         FDRE (Prop_fdre_C_Q)         0.141     1.632 r  counter_reg[8]/Q
                         net (fo=1, routed)           0.105     1.737    counter_reg_n_0_[8]
    SLICE_X43Y70         CARRY4 (Prop_carry4_S[0]_O[0])
                                                      0.115     1.852 r  counter_reg[8]_i_1/O[0]
                         net (fo=1, routed)           0.000     1.852    counter_reg[8]_i_1_n_7
    SLICE_X43Y70         FDRE                                         r  counter_reg[8]/D
  -------------------------------------------------------------------    -------------------

                         (clock sys_clk_pin rise edge)
                                                      0.000     0.000 r  
    L16                                               0.000     0.000 r  clk (IN)
                         net (fo=0)                   0.000     0.000    clk
    L16                  IBUF (Prop_ibuf_I_O)         0.447     0.447 r  clk_IBUF_inst/O
                         net (fo=1, routed)           0.683     1.130    clk_IBUF
    BUFGCTRL_X0Y16       BUFG (Prop_bufg_I_O)         0.029     1.159 r  clk_IBUF_BUFG_inst/O
                         net (fo=29, routed)          0.847     2.006    clk_IBUF_BUFG
    SLICE_X43Y70         FDRE                                         r  counter_reg[8]/C
                         clock pessimism             -0.515     1.491    
    SLICE_X43Y70         FDRE (Hold_fdre_C_D)         0.105     1.596    counter_reg[8]
  -------------------------------------------------------------------
                         required time                         -1.596    
                         arrival time                           1.852    
  -------------------------------------------------------------------
                         slack                                  0.256    

Slack (MET) :             0.256ns  (arrival time - required time)
  Source:                 counter_reg[12]/C
                            (rising edge-triggered cell FDRE clocked by sys_clk_pin  {rise@0.000ns fall@4.000ns period=8.000ns})
  Destination:            counter_reg[12]/D
                            (rising edge-triggered cell FDRE clocked by sys_clk_pin  {rise@0.000ns fall@4.000ns period=8.000ns})
  Path Group:             sys_clk_pin
  Path Type:              Hold (Min at Fast Process Corner)
  Requirement:            0.000ns  (sys_clk_pin rise@0.000ns - sys_clk_pin rise@0.000ns)
  Data Path Delay:        0.361ns  (logic 0.256ns (70.880%)  route 0.105ns (29.120%))
  Logic Levels:           1  (CARRY4=1)
  Clock Path Skew:        0.000ns (DCD - SCD - CPR)
    Destination Clock Delay (DCD):    2.005ns
    Source Clock Delay      (SCD):    1.490ns
    Clock Pessimism Removal (CPR):    0.515ns

    Location             Delay type                Incr(ns)  Path(ns)    Netlist Resource(s)
  -------------------------------------------------------------------    -------------------
                         (clock sys_clk_pin rise edge)
                                                      0.000     0.000 r  
    L16                                               0.000     0.000 r  clk (IN)
                         net (fo=0)                   0.000     0.000    clk
    L16                  IBUF (Prop_ibuf_I_O)         0.259     0.259 r  clk_IBUF_inst/O
                         net (fo=1, routed)           0.627     0.886    clk_IBUF
    BUFGCTRL_X0Y16       BUFG (Prop_bufg_I_O)         0.026     0.912 r  clk_IBUF_BUFG_inst/O
                         net (fo=29, routed)          0.578     1.490    clk_IBUF_BUFG
    SLICE_X43Y71         FDRE                                         r  counter_reg[12]/C
  -------------------------------------------------------------------    -------------------
    SLICE_X43Y71         FDRE (Prop_fdre_C_Q)         0.141     1.631 r  counter_reg[12]/Q
                         net (fo=1, routed)           0.105     1.736    counter_reg_n_0_[12]
    SLICE_X43Y71         CARRY4 (Prop_carry4_S[0]_O[0])
                                                      0.115     1.851 r  counter_reg[12]_i_1/O[0]
                         net (fo=1, routed)           0.000     1.851    counter_reg[12]_i_1_n_7
    SLICE_X43Y71         FDRE                                         r  counter_reg[12]/D
  -------------------------------------------------------------------    -------------------

                         (clock sys_clk_pin rise edge)
                                                      0.000     0.000 r  
    L16                                               0.000     0.000 r  clk (IN)
                         net (fo=0)                   0.000     0.000    clk
    L16                  IBUF (Prop_ibuf_I_O)         0.447     0.447 r  clk_IBUF_inst/O
                         net (fo=1, routed)           0.683     1.130    clk_IBUF
    BUFGCTRL_X0Y16       BUFG (Prop_bufg_I_O)         0.029     1.159 r  clk_IBUF_BUFG_inst/O
                         net (fo=29, routed)          0.846     2.005    clk_IBUF_BUFG
    SLICE_X43Y71         FDRE                                         r  counter_reg[12]/C
                         clock pessimism             -0.515     1.490    
    SLICE_X43Y71         FDRE (Hold_fdre_C_D)         0.105     1.595    counter_reg[12]
  -------------------------------------------------------------------
                         required time                         -1.595    
                         arrival time                           1.851    
  -------------------------------------------------------------------
                         slack                                  0.256    

Slack (MET) :             0.256ns  (arrival time - required time)
  Source:                 counter_reg[16]/C
                            (rising edge-triggered cell FDRE clocked by sys_clk_pin  {rise@0.000ns fall@4.000ns period=8.000ns})
  Destination:            counter_reg[16]/D
                            (rising edge-triggered cell FDRE clocked by sys_clk_pin  {rise@0.000ns fall@4.000ns period=8.000ns})
  Path Group:             sys_clk_pin
  Path Type:              Hold (Min at Fast Process Corner)
  Requirement:            0.000ns  (sys_clk_pin rise@0.000ns - sys_clk_pin rise@0.000ns)
  Data Path Delay:        0.361ns  (logic 0.256ns (70.880%)  route 0.105ns (29.120%))
  Logic Levels:           1  (CARRY4=1)
  Clock Path Skew:        0.000ns (DCD - SCD - CPR)
    Destination Clock Delay (DCD):    2.004ns
    Source Clock Delay      (SCD):    1.490ns
    Clock Pessimism Removal (CPR):    0.514ns

    Location             Delay type                Incr(ns)  Path(ns)    Netlist Resource(s)
  -------------------------------------------------------------------    -------------------
                         (clock sys_clk_pin rise edge)
                                                      0.000     0.000 r  
    L16                                               0.000     0.000 r  clk (IN)
                         net (fo=0)                   0.000     0.000    clk
    L16                  IBUF (Prop_ibuf_I_O)         0.259     0.259 r  clk_IBUF_inst/O
                         net (fo=1, routed)           0.627     0.886    clk_IBUF
    BUFGCTRL_X0Y16       BUFG (Prop_bufg_I_O)         0.026     0.912 r  clk_IBUF_BUFG_inst/O
                         net (fo=29, routed)          0.578     1.490    clk_IBUF_BUFG
    SLICE_X43Y72         FDRE                                         r  counter_reg[16]/C
  -------------------------------------------------------------------    -------------------
    SLICE_X43Y72         FDRE (Prop_fdre_C_Q)         0.141     1.631 r  counter_reg[16]/Q
                         net (fo=1, routed)           0.105     1.736    counter_reg_n_0_[16]
    SLICE_X43Y72         CARRY4 (Prop_carry4_S[0]_O[0])
                                                      0.115     1.851 r  counter_reg[16]_i_1/O[0]
                         net (fo=1, routed)           0.000     1.851    counter_reg[16]_i_1_n_7
    SLICE_X43Y72         FDRE                                         r  counter_reg[16]/D
  -------------------------------------------------------------------    -------------------

                         (clock sys_clk_pin rise edge)
                                                      0.000     0.000 r  
    L16                                               0.000     0.000 r  clk (IN)
                         net (fo=0)                   0.000     0.000    clk
    L16                  IBUF (Prop_ibuf_I_O)         0.447     0.447 r  clk_IBUF_inst/O
                         net (fo=1, routed)           0.683     1.130    clk_IBUF
    BUFGCTRL_X0Y16       BUFG (Prop_bufg_I_O)         0.029     1.159 r  clk_IBUF_BUFG_inst/O
                         net (fo=29, routed)          0.845     2.004    clk_IBUF_BUFG
    SLICE_X43Y72         FDRE                                         r  counter_reg[16]/C
                         clock pessimism             -0.514     1.490    
    SLICE_X43Y72         FDRE (Hold_fdre_C_D)         0.105     1.595    counter_reg[16]
  -------------------------------------------------------------------
                         required time                         -1.595    
                         arrival time                           1.851    
  -------------------------------------------------------------------
                         slack                                  0.256    





Pulse Width Checks
--------------------------------------------------------------------------------------
Clock Name:         sys_clk_pin
Waveform(ns):       { 0.000 4.000 }
Period(ns):         8.000
Sources:            { clk }

Check Type        Corner  Lib Pin  Reference Pin  Required(ns)  Actual(ns)  Slack(ns)  Location        Pin
Min Period        n/a     BUFG/I   n/a            2.155         8.000       5.845      BUFGCTRL_X0Y16  clk_IBUF_BUFG_inst/I
Min Period        n/a     FDRE/C   n/a            1.000         8.000       7.000      SLICE_X43Y68    counter_reg[0]/C
Min Period        n/a     FDRE/C   n/a            1.000         8.000       7.000      SLICE_X43Y70    counter_reg[10]/C
Min Period        n/a     FDRE/C   n/a            1.000         8.000       7.000      SLICE_X43Y70    counter_reg[11]/C
Min Period        n/a     FDRE/C   n/a            1.000         8.000       7.000      SLICE_X43Y71    counter_reg[12]/C
Min Period        n/a     FDRE/C   n/a            1.000         8.000       7.000      SLICE_X43Y71    counter_reg[13]/C
Min Period        n/a     FDRE/C   n/a            1.000         8.000       7.000      SLICE_X43Y71    counter_reg[14]/C
Min Period        n/a     FDRE/C   n/a            1.000         8.000       7.000      SLICE_X43Y71    counter_reg[15]/C
Min Period        n/a     FDRE/C   n/a            1.000         8.000       7.000      SLICE_X43Y72    counter_reg[16]/C
Min Period        n/a     FDRE/C   n/a            1.000         8.000       7.000      SLICE_X43Y72    counter_reg[17]/C
Low Pulse Width   Slow    FDRE/C   n/a            0.500         4.000       3.500      SLICE_X43Y72    counter_reg[16]/C
Low Pulse Width   Slow    FDRE/C   n/a            0.500         4.000       3.500      SLICE_X43Y72    counter_reg[17]/C
Low Pulse Width   Slow    FDRE/C   n/a            0.500         4.000       3.500      SLICE_X43Y72    counter_reg[18]/C
Low Pulse Width   Slow    FDRE/C   n/a            0.500         4.000       3.500      SLICE_X43Y72    counter_reg[19]/C
Low Pulse Width   Slow    FDRE/C   n/a            0.500         4.000       3.500      SLICE_X43Y73    counter_reg[20]/C
Low Pulse Width   Slow    FDRE/C   n/a            0.500         4.000       3.500      SLICE_X43Y73    counter_reg[21]/C
Low Pulse Width   Slow    FDRE/C   n/a            0.500         4.000       3.500      SLICE_X43Y73    counter_reg[22]/C
Low Pulse Width   Slow    FDRE/C   n/a            0.500         4.000       3.500      SLICE_X43Y73    counter_reg[23]/C
Low Pulse Width   Slow    FDRE/C   n/a            0.500         4.000       3.500      SLICE_X43Y74    counter_reg[24]/C
Low Pulse Width   Fast    FDRE/C   n/a            0.500         4.000       3.500      SLICE_X43Y74    counter_reg[24]/C
High Pulse Width  Fast    FDRE/C   n/a            0.500         4.000       3.500      SLICE_X43Y68    counter_reg[0]/C
High Pulse Width  Fast    FDRE/C   n/a            0.500         4.000       3.500      SLICE_X43Y70    counter_reg[10]/C
High Pulse Width  Fast    FDRE/C   n/a            0.500         4.000       3.500      SLICE_X43Y70    counter_reg[11]/C
High Pulse Width  Fast    FDRE/C   n/a            0.500         4.000       3.500      SLICE_X43Y68    counter_reg[1]/C
High Pulse Width  Fast    FDRE/C   n/a            0.500         4.000       3.500      SLICE_X43Y73    counter_reg[20]/C
High Pulse Width  Fast    FDRE/C   n/a            0.500         4.000       3.500      SLICE_X43Y73    counter_reg[21]/C
High Pulse Width  Fast    FDRE/C   n/a            0.500         4.000       3.500      SLICE_X43Y73    counter_reg[22]/C
High Pulse Width  Fast    FDRE/C   n/a            0.500         4.000       3.500      SLICE_X43Y73    counter_reg[23]/C
High Pulse Width  Fast    FDRE/C   n/a            0.500         4.000       3.500      SLICE_X43Y68    counter_reg[2]/C
High Pulse Width  Fast    FDRE/C   n/a            0.500         4.000       3.500      SLICE_X43Y68    counter_reg[3]/C



