Copyright 1986-2019 Xilinx, Inc. All Rights Reserved.
--------------------------------------------------------------------------------------------------------------------------------------------------------------
| Tool Version : Vivado v.2019.1 (win64) Build 2552052 Fri May 24 14:49:42 MDT 2019
| Date         : Wed May 13 13:47:47 2026
| Host         : AayushMSI running 64-bit major release  (build 9200)
| Command      : report_methodology -file zybo_top_methodology_drc_routed.rpt -pb zybo_top_methodology_drc_routed.pb -rpx zybo_top_methodology_drc_routed.rpx
| Design       : zybo_top
| Device       : xc7z010clg400-1
| Speed File   : -1
| Design State : Fully Routed
--------------------------------------------------------------------------------------------------------------------------------------------------------------

Report Methodology

Table of Contents
-----------------
1. REPORT SUMMARY
2. REPORT DETAILS

1. REPORT SUMMARY
-----------------
            Netlist: netlist
          Floorplan: design_1
      Design limits: <entire design considered>
             Max violations: <unlimited>
             Violations found: 351
+-----------+----------+-------------------------------+------------+
| Rule      | Severity | Description                   | Violations |
+-----------+----------+-------------------------------+------------+
| TIMING-16 | Warning  | Large setup violation         | 339        |
| TIMING-18 | Warning  | Missing input or output delay | 12         |
+-----------+----------+-------------------------------+------------+

2. REPORT DETAILS
-----------------
TIMING-16#1 Warning
Large setup violation  
There is a large setup violation of -1.161 ns between cpu/ex_mem_alu_result_reg[20]/C (clocked by sys_clk_pin) and cpu/dmem_unit/RAM_reg_0_63_24_24/SP/WE (clocked by sys_clk_pin). Large setup violations at the end of those stages might be difficult to fix during the post-placement implementation flow and could be the result of non-optimal XDC constraints or non-optimal design architecture
Related violations: <none>

TIMING-16#2 Warning
Large setup violation  
There is a large setup violation of -1.161 ns between cpu/ex_mem_alu_result_reg[20]/C (clocked by sys_clk_pin) and cpu/dmem_unit/RAM_reg_0_63_25_25/SP/WE (clocked by sys_clk_pin). Large setup violations at the end of those stages might be difficult to fix during the post-placement implementation flow and could be the result of non-optimal XDC constraints or non-optimal design architecture
Related violations: <none>

TIMING-16#3 Warning
Large setup violation  
There is a large setup violation of -1.161 ns between cpu/ex_mem_alu_result_reg[20]/C (clocked by sys_clk_pin) and cpu/dmem_unit/RAM_reg_0_63_26_26/SP/WE (clocked by sys_clk_pin). Large setup violations at the end of those stages might be difficult to fix during the post-placement implementation flow and could be the result of non-optimal XDC constraints or non-optimal design architecture
Related violations: <none>

TIMING-16#4 Warning
Large setup violation  
There is a large setup violation of -1.161 ns between cpu/ex_mem_alu_result_reg[20]/C (clocked by sys_clk_pin) and cpu/dmem_unit/RAM_reg_0_63_27_27/SP/WE (clocked by sys_clk_pin). Large setup violations at the end of those stages might be difficult to fix during the post-placement implementation flow and could be the result of non-optimal XDC constraints or non-optimal design architecture
Related violations: <none>

TIMING-16#5 Warning
Large setup violation  
There is a large setup violation of -1.454 ns between cpu/ex_mem_alu_result_reg[20]/C (clocked by sys_clk_pin) and cpu/dmem_unit/RAM_reg_0_63_20_20/SP/WE (clocked by sys_clk_pin). Large setup violations at the end of those stages might be difficult to fix during the post-placement implementation flow and could be the result of non-optimal XDC constraints or non-optimal design architecture
Related violations: <none>

TIMING-16#6 Warning
Large setup violation  
There is a large setup violation of -1.454 ns between cpu/ex_mem_alu_result_reg[20]/C (clocked by sys_clk_pin) and cpu/dmem_unit/RAM_reg_0_63_21_21/SP/WE (clocked by sys_clk_pin). Large setup violations at the end of those stages might be difficult to fix during the post-placement implementation flow and could be the result of non-optimal XDC constraints or non-optimal design architecture
Related violations: <none>

TIMING-16#7 Warning
Large setup violation  
There is a large setup violation of -1.454 ns between cpu/ex_mem_alu_result_reg[20]/C (clocked by sys_clk_pin) and cpu/dmem_unit/RAM_reg_0_63_22_22/SP/WE (clocked by sys_clk_pin). Large setup violations at the end of those stages might be difficult to fix during the post-placement implementation flow and could be the result of non-optimal XDC constraints or non-optimal design architecture
Related violations: <none>

TIMING-16#8 Warning
Large setup violation  
There is a large setup violation of -1.454 ns between cpu/ex_mem_alu_result_reg[20]/C (clocked by sys_clk_pin) and cpu/dmem_unit/RAM_reg_0_63_23_23/SP/WE (clocked by sys_clk_pin). Large setup violations at the end of those stages might be difficult to fix during the post-placement implementation flow and could be the result of non-optimal XDC constraints or non-optimal design architecture
Related violations: <none>

TIMING-16#9 Warning
Large setup violation  
There is a large setup violation of -1.821 ns between cpu/ex_mem_rd_reg[0]/C (clocked by sys_clk_pin) and cpu/ex_mem_alu_result_reg[31]/D (clocked by sys_clk_pin). Large setup violations at the end of those stages might be difficult to fix during the post-placement implementation flow and could be the result of non-optimal XDC constraints or non-optimal design architecture
Related violations: <none>

TIMING-16#10 Warning
Large setup violation  
There is a large setup violation of -1.842 ns between cpu/ex_mem_rd_reg[0]/C (clocked by sys_clk_pin) and cpu/ex_mem_alu_result_reg[7]/D (clocked by sys_clk_pin). Large setup violations at the end of those stages might be difficult to fix during the post-placement implementation flow and could be the result of non-optimal XDC constraints or non-optimal design architecture
Related violations: <none>

TIMING-16#11 Warning
Large setup violation  
There is a large setup violation of -1.986 ns between cpu/id_ex_rd_reg[1]/C (clocked by sys_clk_pin) and cpu/ex_mem_alu_result_reg[27]/D (clocked by sys_clk_pin). Large setup violations at the end of those stages might be difficult to fix during the post-placement implementation flow and could be the result of non-optimal XDC constraints or non-optimal design architecture
Related violations: <none>

TIMING-16#12 Warning
Large setup violation  
There is a large setup violation of -2.154 ns between cpu/ex_mem_rd_reg[0]/C (clocked by sys_clk_pin) and cpu/ex_mem_alu_result_reg[6]/D (clocked by sys_clk_pin). Large setup violations at the end of those stages might be difficult to fix during the post-placement implementation flow and could be the result of non-optimal XDC constraints or non-optimal design architecture
Related violations: <none>

TIMING-16#13 Warning
Large setup violation  
There is a large setup violation of -2.189 ns between cpu/id_ex_rd_reg[1]/C (clocked by sys_clk_pin) and cpu/ex_mem_alu_result_reg[8]/D (clocked by sys_clk_pin). Large setup violations at the end of those stages might be difficult to fix during the post-placement implementation flow and could be the result of non-optimal XDC constraints or non-optimal design architecture
Related violations: <none>

TIMING-16#14 Warning
Large setup violation  
There is a large setup violation of -2.241 ns between cpu/id_ex_rd_reg[1]/C (clocked by sys_clk_pin) and cpu/ex_mem_alu_result_reg[30]/D (clocked by sys_clk_pin). Large setup violations at the end of those stages might be difficult to fix during the post-placement implementation flow and could be the result of non-optimal XDC constraints or non-optimal design architecture
Related violations: <none>

TIMING-16#15 Warning
Large setup violation  
There is a large setup violation of -2.266 ns between cpu/id_ex_rd_reg[1]/C (clocked by sys_clk_pin) and cpu/ex_mem_alu_result_reg[12]/D (clocked by sys_clk_pin). Large setup violations at the end of those stages might be difficult to fix during the post-placement implementation flow and could be the result of non-optimal XDC constraints or non-optimal design architecture
Related violations: <none>

TIMING-16#16 Warning
Large setup violation  
There is a large setup violation of -2.316 ns between cpu/ex_mem_rd_reg[0]/C (clocked by sys_clk_pin) and cpu/ex_mem_alu_result_reg[24]/D (clocked by sys_clk_pin). Large setup violations at the end of those stages might be difficult to fix during the post-placement implementation flow and could be the result of non-optimal XDC constraints or non-optimal design architecture
Related violations: <none>

TIMING-16#17 Warning
Large setup violation  
There is a large setup violation of -2.368 ns between cpu/id_ex_rd_reg[1]/C (clocked by sys_clk_pin) and cpu/ex_mem_alu_result_reg[26]/D (clocked by sys_clk_pin). Large setup violations at the end of those stages might be difficult to fix during the post-placement implementation flow and could be the result of non-optimal XDC constraints or non-optimal design architecture
Related violations: <none>

TIMING-16#18 Warning
Large setup violation  
There is a large setup violation of -2.432 ns between cpu/id_ex_rd_reg[1]/C (clocked by sys_clk_pin) and cpu/ex_mem_alu_result_reg[13]/D (clocked by sys_clk_pin). Large setup violations at the end of those stages might be difficult to fix during the post-placement implementation flow and could be the result of non-optimal XDC constraints or non-optimal design architecture
Related violations: <none>

TIMING-16#19 Warning
Large setup violation  
There is a large setup violation of -2.459 ns between cpu/id_ex_rd_reg[1]/C (clocked by sys_clk_pin) and cpu/ex_mem_alu_result_reg[28]/D (clocked by sys_clk_pin). Large setup violations at the end of those stages might be difficult to fix during the post-placement implementation flow and could be the result of non-optimal XDC constraints or non-optimal design architecture
Related violations: <none>

TIMING-16#20 Warning
Large setup violation  
There is a large setup violation of -2.465 ns between cpu/id_ex_rd_reg[1]/C (clocked by sys_clk_pin) and cpu/ex_mem_alu_result_reg[22]/D (clocked by sys_clk_pin). Large setup violations at the end of those stages might be difficult to fix during the post-placement implementation flow and could be the result of non-optimal XDC constraints or non-optimal design architecture
Related violations: <none>

TIMING-16#21 Warning
Large setup violation  
There is a large setup violation of -2.503 ns between cpu/ex_mem_rd_reg[0]/C (clocked by sys_clk_pin) and cpu/ex_mem_alu_result_reg[5]/D (clocked by sys_clk_pin). Large setup violations at the end of those stages might be difficult to fix during the post-placement implementation flow and could be the result of non-optimal XDC constraints or non-optimal design architecture
Related violations: <none>

TIMING-16#22 Warning
Large setup violation  
There is a large setup violation of -2.550 ns between cpu/ex_mem_rd_reg[0]/C (clocked by sys_clk_pin) and cpu/ex_mem_alu_result_reg[2]/D (clocked by sys_clk_pin). Large setup violations at the end of those stages might be difficult to fix during the post-placement implementation flow and could be the result of non-optimal XDC constraints or non-optimal design architecture
Related violations: <none>

TIMING-16#23 Warning
Large setup violation  
There is a large setup violation of -2.591 ns between cpu/id_ex_rd_reg[1]/C (clocked by sys_clk_pin) and cpu/ex_mem_alu_result_reg[0]/D (clocked by sys_clk_pin). Large setup violations at the end of those stages might be difficult to fix during the post-placement implementation flow and could be the result of non-optimal XDC constraints or non-optimal design architecture
Related violations: <none>

TIMING-16#24 Warning
Large setup violation  
There is a large setup violation of -2.608 ns between cpu/ex_mem_rd_reg[0]/C (clocked by sys_clk_pin) and cpu/ex_mem_alu_result_reg[1]/D (clocked by sys_clk_pin). Large setup violations at the end of those stages might be difficult to fix during the post-placement implementation flow and could be the result of non-optimal XDC constraints or non-optimal design architecture
Related violations: <none>

TIMING-16#25 Warning
Large setup violation  
There is a large setup violation of -2.679 ns between cpu/id_ex_rd_reg[1]/C (clocked by sys_clk_pin) and cpu/ex_mem_alu_result_reg[17]/D (clocked by sys_clk_pin). Large setup violations at the end of those stages might be difficult to fix during the post-placement implementation flow and could be the result of non-optimal XDC constraints or non-optimal design architecture
Related violations: <none>

TIMING-16#26 Warning
Large setup violation  
There is a large setup violation of -2.680 ns between cpu/id_ex_rd_reg[1]/C (clocked by sys_clk_pin) and cpu/ex_mem_alu_result_reg[29]/D (clocked by sys_clk_pin). Large setup violations at the end of those stages might be difficult to fix during the post-placement implementation flow and could be the result of non-optimal XDC constraints or non-optimal design architecture
Related violations: <none>

TIMING-16#27 Warning
Large setup violation  
There is a large setup violation of -2.682 ns between cpu/ex_mem_rd_reg[0]/C (clocked by sys_clk_pin) and cpu/ex_mem_alu_result_reg[3]/D (clocked by sys_clk_pin). Large setup violations at the end of those stages might be difficult to fix during the post-placement implementation flow and could be the result of non-optimal XDC constraints or non-optimal design architecture
Related violations: <none>

TIMING-16#28 Warning
Large setup violation  
There is a large setup violation of -2.723 ns between cpu/ex_mem_rd_reg[0]/C (clocked by sys_clk_pin) and cpu/ex_mem_alu_result_reg[25]/D (clocked by sys_clk_pin). Large setup violations at the end of those stages might be difficult to fix during the post-placement implementation flow and could be the result of non-optimal XDC constraints or non-optimal design architecture
Related violations: <none>

TIMING-16#29 Warning
Large setup violation  
There is a large setup violation of -2.762 ns between cpu/ex_mem_rd_reg[0]/C (clocked by sys_clk_pin) and cpu/ex_mem_alu_result_reg[23]/D (clocked by sys_clk_pin). Large setup violations at the end of those stages might be difficult to fix during the post-placement implementation flow and could be the result of non-optimal XDC constraints or non-optimal design architecture
Related violations: <none>

TIMING-16#30 Warning
Large setup violation  
There is a large setup violation of -2.783 ns between cpu/ex_mem_rd_reg[0]/C (clocked by sys_clk_pin) and cpu/ex_mem_alu_result_reg[10]/D (clocked by sys_clk_pin). Large setup violations at the end of those stages might be difficult to fix during the post-placement implementation flow and could be the result of non-optimal XDC constraints or non-optimal design architecture
Related violations: <none>

TIMING-16#31 Warning
Large setup violation  
There is a large setup violation of -2.820 ns between cpu/id_ex_rd_reg[1]/C (clocked by sys_clk_pin) and cpu/ex_mem_alu_result_reg[15]/D (clocked by sys_clk_pin). Large setup violations at the end of those stages might be difficult to fix during the post-placement implementation flow and could be the result of non-optimal XDC constraints or non-optimal design architecture
Related violations: <none>

TIMING-16#32 Warning
Large setup violation  
There is a large setup violation of -2.857 ns between cpu/id_ex_rd_reg[1]/C (clocked by sys_clk_pin) and cpu/ex_mem_alu_result_reg[9]/D (clocked by sys_clk_pin). Large setup violations at the end of those stages might be difficult to fix during the post-placement implementation flow and could be the result of non-optimal XDC constraints or non-optimal design architecture
Related violations: <none>

TIMING-16#33 Warning
Large setup violation  
There is a large setup violation of -2.864 ns between cpu/ex_mem_rd_reg[0]/C (clocked by sys_clk_pin) and cpu/ex_mem_alu_result_reg[21]/D (clocked by sys_clk_pin). Large setup violations at the end of those stages might be difficult to fix during the post-placement implementation flow and could be the result of non-optimal XDC constraints or non-optimal design architecture
Related violations: <none>

TIMING-16#34 Warning
Large setup violation  
There is a large setup violation of -2.869 ns between cpu/id_ex_rd_reg[1]/C (clocked by sys_clk_pin) and cpu/ex_mem_alu_result_reg[16]/D (clocked by sys_clk_pin). Large setup violations at the end of those stages might be difficult to fix during the post-placement implementation flow and could be the result of non-optimal XDC constraints or non-optimal design architecture
Related violations: <none>

TIMING-16#35 Warning
Large setup violation  
There is a large setup violation of -3.005 ns between cpu/id_ex_rd_reg[1]/C (clocked by sys_clk_pin) and cpu/ex_mem_alu_result_reg[18]/D (clocked by sys_clk_pin). Large setup violations at the end of those stages might be difficult to fix during the post-placement implementation flow and could be the result of non-optimal XDC constraints or non-optimal design architecture
Related violations: <none>

TIMING-16#36 Warning
Large setup violation  
There is a large setup violation of -3.017 ns between cpu/id_ex_rd_reg[1]/C (clocked by sys_clk_pin) and cpu/ex_mem_alu_result_reg[19]/D (clocked by sys_clk_pin). Large setup violations at the end of those stages might be difficult to fix during the post-placement implementation flow and could be the result of non-optimal XDC constraints or non-optimal design architecture
Related violations: <none>

TIMING-16#37 Warning
Large setup violation  
There is a large setup violation of -3.169 ns between cpu/ex_mem_rd_reg[0]/C (clocked by sys_clk_pin) and cpu/ex_mem_alu_result_reg[4]/D (clocked by sys_clk_pin). Large setup violations at the end of those stages might be difficult to fix during the post-placement implementation flow and could be the result of non-optimal XDC constraints or non-optimal design architecture
Related violations: <none>

TIMING-16#38 Warning
Large setup violation  
There is a large setup violation of -3.179 ns between cpu/id_ex_rd_reg[1]/C (clocked by sys_clk_pin) and cpu/ex_mem_alu_result_reg[11]/D (clocked by sys_clk_pin). Large setup violations at the end of those stages might be difficult to fix during the post-placement implementation flow and could be the result of non-optimal XDC constraints or non-optimal design architecture
Related violations: <none>

TIMING-16#39 Warning
Large setup violation  
There is a large setup violation of -3.370 ns between cpu/id_ex_rs1_reg[2]/C (clocked by sys_clk_pin) and cpu/ex_mem_alu_result_reg[14]/D (clocked by sys_clk_pin). Large setup violations at the end of those stages might be difficult to fix during the post-placement implementation flow and could be the result of non-optimal XDC constraints or non-optimal design architecture
Related violations: <none>

TIMING-16#40 Warning
Large setup violation  
There is a large setup violation of -3.429 ns between cpu/id_ex_rd_reg[1]/C (clocked by sys_clk_pin) and cpu/ex_mem_alu_result_reg[20]/D (clocked by sys_clk_pin). Large setup violations at the end of those stages might be difficult to fix during the post-placement implementation flow and could be the result of non-optimal XDC constraints or non-optimal design architecture
Related violations: <none>

TIMING-16#41 Warning
Large setup violation  
There is a large setup violation of -4.750 ns between cpu/ex_mem_rd_reg[0]/C (clocked by sys_clk_pin) and cpu/pc_unit/pc_reg[17]/D (clocked by sys_clk_pin). Large setup violations at the end of those stages might be difficult to fix during the post-placement implementation flow and could be the result of non-optimal XDC constraints or non-optimal design architecture
Related violations: <none>

TIMING-16#42 Warning
Large setup violation  
There is a large setup violation of -4.754 ns between cpu/ex_mem_rd_reg[0]/C (clocked by sys_clk_pin) and cpu/pc_unit/pc_reg[18]/D (clocked by sys_clk_pin). Large setup violations at the end of those stages might be difficult to fix during the post-placement implementation flow and could be the result of non-optimal XDC constraints or non-optimal design architecture
Related violations: <none>

TIMING-16#43 Warning
Large setup violation  
There is a large setup violation of -4.764 ns between cpu/ex_mem_rd_reg[0]/C (clocked by sys_clk_pin) and cpu/pc_unit/pc_reg[26]/D (clocked by sys_clk_pin). Large setup violations at the end of those stages might be difficult to fix during the post-placement implementation flow and could be the result of non-optimal XDC constraints or non-optimal design architecture
Related violations: <none>

TIMING-16#44 Warning
Large setup violation  
There is a large setup violation of -4.775 ns between cpu/ex_mem_rd_reg[0]/C (clocked by sys_clk_pin) and cpu/pc_unit/pc_reg[8]/D (clocked by sys_clk_pin). Large setup violations at the end of those stages might be difficult to fix during the post-placement implementation flow and could be the result of non-optimal XDC constraints or non-optimal design architecture
Related violations: <none>

TIMING-16#45 Warning
Large setup violation  
There is a large setup violation of -4.778 ns between cpu/ex_mem_rd_reg[0]/C (clocked by sys_clk_pin) and cpu/pc_unit/pc_reg[31]/D (clocked by sys_clk_pin). Large setup violations at the end of those stages might be difficult to fix during the post-placement implementation flow and could be the result of non-optimal XDC constraints or non-optimal design architecture
Related violations: <none>

TIMING-16#46 Warning
Large setup violation  
There is a large setup violation of -4.779 ns between cpu/ex_mem_rd_reg[0]/C (clocked by sys_clk_pin) and cpu/pc_unit/pc_reg[10]/D (clocked by sys_clk_pin). Large setup violations at the end of those stages might be difficult to fix during the post-placement implementation flow and could be the result of non-optimal XDC constraints or non-optimal design architecture
Related violations: <none>

TIMING-16#47 Warning
Large setup violation  
There is a large setup violation of -4.779 ns between cpu/ex_mem_rd_reg[0]/C (clocked by sys_clk_pin) and cpu/pc_unit/pc_reg[14]/D (clocked by sys_clk_pin). Large setup violations at the end of those stages might be difficult to fix during the post-placement implementation flow and could be the result of non-optimal XDC constraints or non-optimal design architecture
Related violations: <none>

TIMING-16#48 Warning
Large setup violation  
There is a large setup violation of -4.780 ns between cpu/ex_mem_rd_reg[0]/C (clocked by sys_clk_pin) and cpu/pc_unit/pc_reg[30]/D (clocked by sys_clk_pin). Large setup violations at the end of those stages might be difficult to fix during the post-placement implementation flow and could be the result of non-optimal XDC constraints or non-optimal design architecture
Related violations: <none>

TIMING-16#49 Warning
Large setup violation  
There is a large setup violation of -4.782 ns between cpu/ex_mem_rd_reg[0]/C (clocked by sys_clk_pin) and cpu/pc_unit/pc_reg[29]/D (clocked by sys_clk_pin). Large setup violations at the end of those stages might be difficult to fix during the post-placement implementation flow and could be the result of non-optimal XDC constraints or non-optimal design architecture
Related violations: <none>

TIMING-16#50 Warning
Large setup violation  
There is a large setup violation of -4.785 ns between cpu/ex_mem_rd_reg[0]/C (clocked by sys_clk_pin) and cpu/pc_unit/pc_reg[24]/D (clocked by sys_clk_pin). Large setup violations at the end of those stages might be difficult to fix during the post-placement implementation flow and could be the result of non-optimal XDC constraints or non-optimal design architecture
Related violations: <none>

TIMING-16#51 Warning
Large setup violation  
There is a large setup violation of -4.792 ns between cpu/ex_mem_rd_reg[0]/C (clocked by sys_clk_pin) and cpu/pc_unit/pc_reg[0]/D (clocked by sys_clk_pin). Large setup violations at the end of those stages might be difficult to fix during the post-placement implementation flow and could be the result of non-optimal XDC constraints or non-optimal design architecture
Related violations: <none>

TIMING-16#52 Warning
Large setup violation  
There is a large setup violation of -4.794 ns between cpu/ex_mem_rd_reg[0]/C (clocked by sys_clk_pin) and cpu/pc_unit/pc_reg[6]/D (clocked by sys_clk_pin). Large setup violations at the end of those stages might be difficult to fix during the post-placement implementation flow and could be the result of non-optimal XDC constraints or non-optimal design architecture
Related violations: <none>

TIMING-16#53 Warning
Large setup violation  
There is a large setup violation of -4.795 ns between cpu/ex_mem_rd_reg[0]/C (clocked by sys_clk_pin) and cpu/pc_unit/pc_reg[7]/D (clocked by sys_clk_pin). Large setup violations at the end of those stages might be difficult to fix during the post-placement implementation flow and could be the result of non-optimal XDC constraints or non-optimal design architecture
Related violations: <none>

TIMING-16#54 Warning
Large setup violation  
There is a large setup violation of -4.801 ns between cpu/ex_mem_rd_reg[0]/C (clocked by sys_clk_pin) and cpu/pc_unit/pc_reg[11]/D (clocked by sys_clk_pin). Large setup violations at the end of those stages might be difficult to fix during the post-placement implementation flow and could be the result of non-optimal XDC constraints or non-optimal design architecture
Related violations: <none>

TIMING-16#55 Warning
Large setup violation  
There is a large setup violation of -4.805 ns between cpu/ex_mem_rd_reg[0]/C (clocked by sys_clk_pin) and cpu/pc_unit/pc_reg[9]/D (clocked by sys_clk_pin). Large setup violations at the end of those stages might be difficult to fix during the post-placement implementation flow and could be the result of non-optimal XDC constraints or non-optimal design architecture
Related violations: <none>

TIMING-16#56 Warning
Large setup violation  
There is a large setup violation of -4.817 ns between cpu/ex_mem_rd_reg[0]/C (clocked by sys_clk_pin) and cpu/pc_unit/pc_reg[2]/D (clocked by sys_clk_pin). Large setup violations at the end of those stages might be difficult to fix during the post-placement implementation flow and could be the result of non-optimal XDC constraints or non-optimal design architecture
Related violations: <none>

TIMING-16#57 Warning
Large setup violation  
There is a large setup violation of -4.822 ns between cpu/ex_mem_rd_reg[0]/C (clocked by sys_clk_pin) and cpu/pc_unit/pc_reg[1]/D (clocked by sys_clk_pin). Large setup violations at the end of those stages might be difficult to fix during the post-placement implementation flow and could be the result of non-optimal XDC constraints or non-optimal design architecture
Related violations: <none>

TIMING-16#58 Warning
Large setup violation  
There is a large setup violation of -4.828 ns between cpu/ex_mem_rd_reg[0]/C (clocked by sys_clk_pin) and cpu/pc_unit/pc_reg[19]/D (clocked by sys_clk_pin). Large setup violations at the end of those stages might be difficult to fix during the post-placement implementation flow and could be the result of non-optimal XDC constraints or non-optimal design architecture
Related violations: <none>

TIMING-16#59 Warning
Large setup violation  
There is a large setup violation of -4.829 ns between cpu/ex_mem_rd_reg[0]/C (clocked by sys_clk_pin) and cpu/pc_unit/pc_reg[16]/D (clocked by sys_clk_pin). Large setup violations at the end of those stages might be difficult to fix during the post-placement implementation flow and could be the result of non-optimal XDC constraints or non-optimal design architecture
Related violations: <none>

TIMING-16#60 Warning
Large setup violation  
There is a large setup violation of -4.836 ns between cpu/ex_mem_rd_reg[0]/C (clocked by sys_clk_pin) and cpu/pc_unit/pc_reg[15]/D (clocked by sys_clk_pin). Large setup violations at the end of those stages might be difficult to fix during the post-placement implementation flow and could be the result of non-optimal XDC constraints or non-optimal design architecture
Related violations: <none>

TIMING-16#61 Warning
Large setup violation  
There is a large setup violation of -4.856 ns between cpu/ex_mem_rd_reg[0]/C (clocked by sys_clk_pin) and cpu/pc_unit/pc_reg[22]/D (clocked by sys_clk_pin). Large setup violations at the end of those stages might be difficult to fix during the post-placement implementation flow and could be the result of non-optimal XDC constraints or non-optimal design architecture
Related violations: <none>

TIMING-16#62 Warning
Large setup violation  
There is a large setup violation of -4.866 ns between cpu/ex_mem_rd_reg[0]/C (clocked by sys_clk_pin) and cpu/pc_unit/pc_reg[3]/D (clocked by sys_clk_pin). Large setup violations at the end of those stages might be difficult to fix during the post-placement implementation flow and could be the result of non-optimal XDC constraints or non-optimal design architecture
Related violations: <none>

TIMING-16#63 Warning
Large setup violation  
There is a large setup violation of -4.868 ns between cpu/ex_mem_rd_reg[0]/C (clocked by sys_clk_pin) and cpu/pc_unit/pc_reg[12]/D (clocked by sys_clk_pin). Large setup violations at the end of those stages might be difficult to fix during the post-placement implementation flow and could be the result of non-optimal XDC constraints or non-optimal design architecture
Related violations: <none>

TIMING-16#64 Warning
Large setup violation  
There is a large setup violation of -4.873 ns between cpu/ex_mem_rd_reg[0]/C (clocked by sys_clk_pin) and cpu/pc_unit/pc_reg[20]/D (clocked by sys_clk_pin). Large setup violations at the end of those stages might be difficult to fix during the post-placement implementation flow and could be the result of non-optimal XDC constraints or non-optimal design architecture
Related violations: <none>

TIMING-16#65 Warning
Large setup violation  
There is a large setup violation of -4.894 ns between cpu/ex_mem_rd_reg[0]/C (clocked by sys_clk_pin) and cpu/pc_unit/pc_reg[28]/D (clocked by sys_clk_pin). Large setup violations at the end of those stages might be difficult to fix during the post-placement implementation flow and could be the result of non-optimal XDC constraints or non-optimal design architecture
Related violations: <none>

TIMING-16#66 Warning
Large setup violation  
There is a large setup violation of -4.899 ns between cpu/ex_mem_rd_reg[0]/C (clocked by sys_clk_pin) and cpu/pc_unit/pc_reg[13]/D (clocked by sys_clk_pin). Large setup violations at the end of those stages might be difficult to fix during the post-placement implementation flow and could be the result of non-optimal XDC constraints or non-optimal design architecture
Related violations: <none>

TIMING-16#67 Warning
Large setup violation  
There is a large setup violation of -4.937 ns between cpu/ex_mem_rd_reg[0]/C (clocked by sys_clk_pin) and cpu/pc_unit/pc_reg[23]/D (clocked by sys_clk_pin). Large setup violations at the end of those stages might be difficult to fix during the post-placement implementation flow and could be the result of non-optimal XDC constraints or non-optimal design architecture
Related violations: <none>

TIMING-16#68 Warning
Large setup violation  
There is a large setup violation of -4.975 ns between cpu/ex_mem_rd_reg[0]/C (clocked by sys_clk_pin) and cpu/pc_unit/pc_reg[25]/D (clocked by sys_clk_pin). Large setup violations at the end of those stages might be difficult to fix during the post-placement implementation flow and could be the result of non-optimal XDC constraints or non-optimal design architecture
Related violations: <none>

TIMING-16#69 Warning
Large setup violation  
There is a large setup violation of -5.068 ns between cpu/ex_mem_rd_reg[0]/C (clocked by sys_clk_pin) and cpu/pc_unit/pc_reg[21]/D (clocked by sys_clk_pin). Large setup violations at the end of those stages might be difficult to fix during the post-placement implementation flow and could be the result of non-optimal XDC constraints or non-optimal design architecture
Related violations: <none>

TIMING-16#70 Warning
Large setup violation  
There is a large setup violation of -5.079 ns between cpu/ex_mem_rd_reg[0]/C (clocked by sys_clk_pin) and cpu/pc_unit/pc_reg[5]/D (clocked by sys_clk_pin). Large setup violations at the end of those stages might be difficult to fix during the post-placement implementation flow and could be the result of non-optimal XDC constraints or non-optimal design architecture
Related violations: <none>

TIMING-16#71 Warning
Large setup violation  
There is a large setup violation of -5.087 ns between cpu/ex_mem_rd_reg[0]/C (clocked by sys_clk_pin) and cpu/pc_unit/pc_reg[27]/D (clocked by sys_clk_pin). Large setup violations at the end of those stages might be difficult to fix during the post-placement implementation flow and could be the result of non-optimal XDC constraints or non-optimal design architecture
Related violations: <none>

TIMING-16#72 Warning
Large setup violation  
There is a large setup violation of -5.278 ns between cpu/ex_mem_rd_reg[0]/C (clocked by sys_clk_pin) and cpu/pc_unit/pc_reg[4]/D (clocked by sys_clk_pin). Large setup violations at the end of those stages might be difficult to fix during the post-placement implementation flow and could be the result of non-optimal XDC constraints or non-optimal design architecture
Related violations: <none>

TIMING-16#73 Warning
Large setup violation  
There is a large setup violation of -5.872 ns between cpu/ex_mem_rd_reg[0]/C (clocked by sys_clk_pin) and cpu/if_id_instr_reg[19]/R (clocked by sys_clk_pin). Large setup violations at the end of those stages might be difficult to fix during the post-placement implementation flow and could be the result of non-optimal XDC constraints or non-optimal design architecture
Related violations: <none>

TIMING-16#74 Warning
Large setup violation  
There is a large setup violation of -5.872 ns between cpu/ex_mem_rd_reg[0]/C (clocked by sys_clk_pin) and cpu/if_id_pc_reg[2]/R (clocked by sys_clk_pin). Large setup violations at the end of those stages might be difficult to fix during the post-placement implementation flow and could be the result of non-optimal XDC constraints or non-optimal design architecture
Related violations: <none>

TIMING-16#75 Warning
Large setup violation  
There is a large setup violation of -5.872 ns between cpu/ex_mem_rd_reg[0]/C (clocked by sys_clk_pin) and cpu/if_id_pc_reg[6]/R (clocked by sys_clk_pin). Large setup violations at the end of those stages might be difficult to fix during the post-placement implementation flow and could be the result of non-optimal XDC constraints or non-optimal design architecture
Related violations: <none>

TIMING-16#76 Warning
Large setup violation  
There is a large setup violation of -5.872 ns between cpu/ex_mem_rd_reg[0]/C (clocked by sys_clk_pin) and cpu/if_id_pc_reg[7]/R (clocked by sys_clk_pin). Large setup violations at the end of those stages might be difficult to fix during the post-placement implementation flow and could be the result of non-optimal XDC constraints or non-optimal design architecture
Related violations: <none>

TIMING-16#77 Warning
Large setup violation  
There is a large setup violation of -5.930 ns between cpu/ex_mem_rd_reg[0]/C (clocked by sys_clk_pin) and cpu/if_id_instr_reg[5]/R (clocked by sys_clk_pin). Large setup violations at the end of those stages might be difficult to fix during the post-placement implementation flow and could be the result of non-optimal XDC constraints or non-optimal design architecture
Related violations: <none>

TIMING-16#78 Warning
Large setup violation  
There is a large setup violation of -5.930 ns between cpu/ex_mem_rd_reg[0]/C (clocked by sys_clk_pin) and cpu/if_id_pc_reg[16]/R (clocked by sys_clk_pin). Large setup violations at the end of those stages might be difficult to fix during the post-placement implementation flow and could be the result of non-optimal XDC constraints or non-optimal design architecture
Related violations: <none>

TIMING-16#79 Warning
Large setup violation  
There is a large setup violation of -5.930 ns between cpu/ex_mem_rd_reg[0]/C (clocked by sys_clk_pin) and cpu/if_id_pc_reg[17]/R (clocked by sys_clk_pin). Large setup violations at the end of those stages might be difficult to fix during the post-placement implementation flow and could be the result of non-optimal XDC constraints or non-optimal design architecture
Related violations: <none>

TIMING-16#80 Warning
Large setup violation  
There is a large setup violation of -5.930 ns between cpu/ex_mem_rd_reg[0]/C (clocked by sys_clk_pin) and cpu/if_id_pc_reg[20]/R (clocked by sys_clk_pin). Large setup violations at the end of those stages might be difficult to fix during the post-placement implementation flow and could be the result of non-optimal XDC constraints or non-optimal design architecture
Related violations: <none>

TIMING-16#81 Warning
Large setup violation  
There is a large setup violation of -5.930 ns between cpu/ex_mem_rd_reg[0]/C (clocked by sys_clk_pin) and cpu/if_id_pc_reg[26]/R (clocked by sys_clk_pin). Large setup violations at the end of those stages might be difficult to fix during the post-placement implementation flow and could be the result of non-optimal XDC constraints or non-optimal design architecture
Related violations: <none>

TIMING-16#82 Warning
Large setup violation  
There is a large setup violation of -5.937 ns between cpu/ex_mem_rd_reg[0]/C (clocked by sys_clk_pin) and cpu/if_id_pc_reg[18]/R (clocked by sys_clk_pin). Large setup violations at the end of those stages might be difficult to fix during the post-placement implementation flow and could be the result of non-optimal XDC constraints or non-optimal design architecture
Related violations: <none>

TIMING-16#83 Warning
Large setup violation  
There is a large setup violation of -5.937 ns between cpu/ex_mem_rd_reg[0]/C (clocked by sys_clk_pin) and cpu/if_id_pc_reg[21]/R (clocked by sys_clk_pin). Large setup violations at the end of those stages might be difficult to fix during the post-placement implementation flow and could be the result of non-optimal XDC constraints or non-optimal design architecture
Related violations: <none>

TIMING-16#84 Warning
Large setup violation  
There is a large setup violation of -5.937 ns between cpu/ex_mem_rd_reg[0]/C (clocked by sys_clk_pin) and cpu/if_id_pc_reg[22]/R (clocked by sys_clk_pin). Large setup violations at the end of those stages might be difficult to fix during the post-placement implementation flow and could be the result of non-optimal XDC constraints or non-optimal design architecture
Related violations: <none>

TIMING-16#85 Warning
Large setup violation  
There is a large setup violation of -5.937 ns between cpu/ex_mem_rd_reg[0]/C (clocked by sys_clk_pin) and cpu/if_id_pc_reg[27]/R (clocked by sys_clk_pin). Large setup violations at the end of those stages might be difficult to fix during the post-placement implementation flow and could be the result of non-optimal XDC constraints or non-optimal design architecture
Related violations: <none>

TIMING-16#86 Warning
Large setup violation  
There is a large setup violation of -5.937 ns between cpu/ex_mem_rd_reg[0]/C (clocked by sys_clk_pin) and cpu/if_id_pc_reg[5]/R (clocked by sys_clk_pin). Large setup violations at the end of those stages might be difficult to fix during the post-placement implementation flow and could be the result of non-optimal XDC constraints or non-optimal design architecture
Related violations: <none>

TIMING-16#87 Warning
Large setup violation  
There is a large setup violation of -5.942 ns between cpu/ex_mem_rd_reg[0]/C (clocked by sys_clk_pin) and cpu/if_id_pc_reg[3]/R (clocked by sys_clk_pin). Large setup violations at the end of those stages might be difficult to fix during the post-placement implementation flow and could be the result of non-optimal XDC constraints or non-optimal design architecture
Related violations: <none>

TIMING-16#88 Warning
Large setup violation  
There is a large setup violation of -5.942 ns between cpu/ex_mem_rd_reg[0]/C (clocked by sys_clk_pin) and cpu/if_id_pc_reg[4]/R (clocked by sys_clk_pin). Large setup violations at the end of those stages might be difficult to fix during the post-placement implementation flow and could be the result of non-optimal XDC constraints or non-optimal design architecture
Related violations: <none>

TIMING-16#89 Warning
Large setup violation  
There is a large setup violation of -5.967 ns between cpu/ex_mem_rd_reg[0]/C (clocked by sys_clk_pin) and cpu/if_id_pc_reg[10]/R (clocked by sys_clk_pin). Large setup violations at the end of those stages might be difficult to fix during the post-placement implementation flow and could be the result of non-optimal XDC constraints or non-optimal design architecture
Related violations: <none>

TIMING-16#90 Warning
Large setup violation  
There is a large setup violation of -5.967 ns between cpu/ex_mem_rd_reg[0]/C (clocked by sys_clk_pin) and cpu/if_id_pc_reg[12]/R (clocked by sys_clk_pin). Large setup violations at the end of those stages might be difficult to fix during the post-placement implementation flow and could be the result of non-optimal XDC constraints or non-optimal design architecture
Related violations: <none>

TIMING-16#91 Warning
Large setup violation  
There is a large setup violation of -5.967 ns between cpu/ex_mem_rd_reg[0]/C (clocked by sys_clk_pin) and cpu/if_id_pc_reg[13]/R (clocked by sys_clk_pin). Large setup violations at the end of those stages might be difficult to fix during the post-placement implementation flow and could be the result of non-optimal XDC constraints or non-optimal design architecture
Related violations: <none>

TIMING-16#92 Warning
Large setup violation  
There is a large setup violation of -5.967 ns between cpu/ex_mem_rd_reg[0]/C (clocked by sys_clk_pin) and cpu/if_id_pc_reg[14]/R (clocked by sys_clk_pin). Large setup violations at the end of those stages might be difficult to fix during the post-placement implementation flow and could be the result of non-optimal XDC constraints or non-optimal design architecture
Related violations: <none>

TIMING-16#93 Warning
Large setup violation  
There is a large setup violation of -5.967 ns between cpu/ex_mem_rd_reg[0]/C (clocked by sys_clk_pin) and cpu/if_id_pc_reg[19]/R (clocked by sys_clk_pin). Large setup violations at the end of those stages might be difficult to fix during the post-placement implementation flow and could be the result of non-optimal XDC constraints or non-optimal design architecture
Related violations: <none>

TIMING-16#94 Warning
Large setup violation  
There is a large setup violation of -5.967 ns between cpu/ex_mem_rd_reg[0]/C (clocked by sys_clk_pin) and cpu/if_id_pc_reg[29]/R (clocked by sys_clk_pin). Large setup violations at the end of those stages might be difficult to fix during the post-placement implementation flow and could be the result of non-optimal XDC constraints or non-optimal design architecture
Related violations: <none>

TIMING-16#95 Warning
Large setup violation  
There is a large setup violation of -5.967 ns between cpu/ex_mem_rd_reg[0]/C (clocked by sys_clk_pin) and cpu/if_id_pc_reg[31]/R (clocked by sys_clk_pin). Large setup violations at the end of those stages might be difficult to fix during the post-placement implementation flow and could be the result of non-optimal XDC constraints or non-optimal design architecture
Related violations: <none>

TIMING-16#96 Warning
Large setup violation  
There is a large setup violation of -6.089 ns between cpu/ex_mem_rd_reg[0]/C (clocked by sys_clk_pin) and cpu/if_id_pc_plus4_reg[17]/R (clocked by sys_clk_pin). Large setup violations at the end of those stages might be difficult to fix during the post-placement implementation flow and could be the result of non-optimal XDC constraints or non-optimal design architecture
Related violations: <none>

TIMING-16#97 Warning
Large setup violation  
There is a large setup violation of -6.089 ns between cpu/ex_mem_rd_reg[0]/C (clocked by sys_clk_pin) and cpu/if_id_pc_plus4_reg[18]/R (clocked by sys_clk_pin). Large setup violations at the end of those stages might be difficult to fix during the post-placement implementation flow and could be the result of non-optimal XDC constraints or non-optimal design architecture
Related violations: <none>

TIMING-16#98 Warning
Large setup violation  
There is a large setup violation of -6.089 ns between cpu/ex_mem_rd_reg[0]/C (clocked by sys_clk_pin) and cpu/if_id_pc_plus4_reg[19]/R (clocked by sys_clk_pin). Large setup violations at the end of those stages might be difficult to fix during the post-placement implementation flow and could be the result of non-optimal XDC constraints or non-optimal design architecture
Related violations: <none>

TIMING-16#99 Warning
Large setup violation  
There is a large setup violation of -6.089 ns between cpu/ex_mem_rd_reg[0]/C (clocked by sys_clk_pin) and cpu/if_id_pc_plus4_reg[20]/R (clocked by sys_clk_pin). Large setup violations at the end of those stages might be difficult to fix during the post-placement implementation flow and could be the result of non-optimal XDC constraints or non-optimal design architecture
Related violations: <none>

TIMING-16#100 Warning
Large setup violation  
There is a large setup violation of -6.104 ns between cpu/ex_mem_rd_reg[0]/C (clocked by sys_clk_pin) and cpu/if_id_instr_reg[12]/R (clocked by sys_clk_pin). Large setup violations at the end of those stages might be difficult to fix during the post-placement implementation flow and could be the result of non-optimal XDC constraints or non-optimal design architecture
Related violations: <none>

TIMING-16#101 Warning
Large setup violation  
There is a large setup violation of -6.104 ns between cpu/ex_mem_rd_reg[0]/C (clocked by sys_clk_pin) and cpu/if_id_instr_reg[28]/R (clocked by sys_clk_pin). Large setup violations at the end of those stages might be difficult to fix during the post-placement implementation flow and could be the result of non-optimal XDC constraints or non-optimal design architecture
Related violations: <none>

TIMING-16#102 Warning
Large setup violation  
There is a large setup violation of -6.104 ns between cpu/ex_mem_rd_reg[0]/C (clocked by sys_clk_pin) and cpu/if_id_instr_reg[7]/R (clocked by sys_clk_pin). Large setup violations at the end of those stages might be difficult to fix during the post-placement implementation flow and could be the result of non-optimal XDC constraints or non-optimal design architecture
Related violations: <none>

TIMING-16#103 Warning
Large setup violation  
There is a large setup violation of -6.104 ns between cpu/ex_mem_rd_reg[0]/C (clocked by sys_clk_pin) and cpu/if_id_instr_reg[9]/R (clocked by sys_clk_pin). Large setup violations at the end of those stages might be difficult to fix during the post-placement implementation flow and could be the result of non-optimal XDC constraints or non-optimal design architecture
Related violations: <none>

TIMING-16#104 Warning
Large setup violation  
There is a large setup violation of -6.116 ns between cpu/ex_mem_rd_reg[0]/C (clocked by sys_clk_pin) and cpu/if_id_pc_plus4_reg[10]/R (clocked by sys_clk_pin). Large setup violations at the end of those stages might be difficult to fix during the post-placement implementation flow and could be the result of non-optimal XDC constraints or non-optimal design architecture
Related violations: <none>

TIMING-16#105 Warning
Large setup violation  
There is a large setup violation of -6.116 ns between cpu/ex_mem_rd_reg[0]/C (clocked by sys_clk_pin) and cpu/if_id_pc_plus4_reg[11]/R (clocked by sys_clk_pin). Large setup violations at the end of those stages might be difficult to fix during the post-placement implementation flow and could be the result of non-optimal XDC constraints or non-optimal design architecture
Related violations: <none>

TIMING-16#106 Warning
Large setup violation  
There is a large setup violation of -6.116 ns between cpu/ex_mem_rd_reg[0]/C (clocked by sys_clk_pin) and cpu/if_id_pc_plus4_reg[12]/R (clocked by sys_clk_pin). Large setup violations at the end of those stages might be difficult to fix during the post-placement implementation flow and could be the result of non-optimal XDC constraints or non-optimal design architecture
Related violations: <none>

TIMING-16#107 Warning
Large setup violation  
There is a large setup violation of -6.116 ns between cpu/ex_mem_rd_reg[0]/C (clocked by sys_clk_pin) and cpu/if_id_pc_plus4_reg[9]/R (clocked by sys_clk_pin). Large setup violations at the end of those stages might be difficult to fix during the post-placement implementation flow and could be the result of non-optimal XDC constraints or non-optimal design architecture
Related violations: <none>

TIMING-16#108 Warning
Large setup violation  
There is a large setup violation of -6.139 ns between cpu/ex_mem_rd_reg[0]/C (clocked by sys_clk_pin) and cpu/if_id_instr_reg[16]/R (clocked by sys_clk_pin). Large setup violations at the end of those stages might be difficult to fix during the post-placement implementation flow and could be the result of non-optimal XDC constraints or non-optimal design architecture
Related violations: <none>

TIMING-16#109 Warning
Large setup violation  
There is a large setup violation of -6.139 ns between cpu/ex_mem_rd_reg[0]/C (clocked by sys_clk_pin) and cpu/if_id_instr_reg[30]/R (clocked by sys_clk_pin). Large setup violations at the end of those stages might be difficult to fix during the post-placement implementation flow and could be the result of non-optimal XDC constraints or non-optimal design architecture
Related violations: <none>

TIMING-16#110 Warning
Large setup violation  
There is a large setup violation of -6.139 ns between cpu/ex_mem_rd_reg[0]/C (clocked by sys_clk_pin) and cpu/if_id_instr_reg[6]/R (clocked by sys_clk_pin). Large setup violations at the end of those stages might be difficult to fix during the post-placement implementation flow and could be the result of non-optimal XDC constraints or non-optimal design architecture
Related violations: <none>

TIMING-16#111 Warning
Large setup violation  
There is a large setup violation of -6.145 ns between cpu/ex_mem_rd_reg[0]/C (clocked by sys_clk_pin) and cpu/if_id_pc_plus4_reg[13]/R (clocked by sys_clk_pin). Large setup violations at the end of those stages might be difficult to fix during the post-placement implementation flow and could be the result of non-optimal XDC constraints or non-optimal design architecture
Related violations: <none>

TIMING-16#112 Warning
Large setup violation  
There is a large setup violation of -6.145 ns between cpu/ex_mem_rd_reg[0]/C (clocked by sys_clk_pin) and cpu/if_id_pc_plus4_reg[14]/R (clocked by sys_clk_pin). Large setup violations at the end of those stages might be difficult to fix during the post-placement implementation flow and could be the result of non-optimal XDC constraints or non-optimal design architecture
Related violations: <none>

TIMING-16#113 Warning
Large setup violation  
There is a large setup violation of -6.145 ns between cpu/ex_mem_rd_reg[0]/C (clocked by sys_clk_pin) and cpu/if_id_pc_plus4_reg[15]/R (clocked by sys_clk_pin). Large setup violations at the end of those stages might be difficult to fix during the post-placement implementation flow and could be the result of non-optimal XDC constraints or non-optimal design architecture
Related violations: <none>

TIMING-16#114 Warning
Large setup violation  
There is a large setup violation of -6.145 ns between cpu/ex_mem_rd_reg[0]/C (clocked by sys_clk_pin) and cpu/if_id_pc_plus4_reg[16]/R (clocked by sys_clk_pin). Large setup violations at the end of those stages might be difficult to fix during the post-placement implementation flow and could be the result of non-optimal XDC constraints or non-optimal design architecture
Related violations: <none>

TIMING-16#115 Warning
Large setup violation  
There is a large setup violation of -6.162 ns between cpu/ex_mem_rd_reg[0]/C (clocked by sys_clk_pin) and cpu/if_id_instr_reg[20]/R (clocked by sys_clk_pin). Large setup violations at the end of those stages might be difficult to fix during the post-placement implementation flow and could be the result of non-optimal XDC constraints or non-optimal design architecture
Related violations: <none>

TIMING-16#116 Warning
Large setup violation  
There is a large setup violation of -6.162 ns between cpu/ex_mem_rd_reg[0]/C (clocked by sys_clk_pin) and cpu/if_id_instr_reg[22]/R (clocked by sys_clk_pin). Large setup violations at the end of those stages might be difficult to fix during the post-placement implementation flow and could be the result of non-optimal XDC constraints or non-optimal design architecture
Related violations: <none>

TIMING-16#117 Warning
Large setup violation  
There is a large setup violation of -6.162 ns between cpu/ex_mem_rd_reg[0]/C (clocked by sys_clk_pin) and cpu/if_id_instr_reg[4]/S (clocked by sys_clk_pin). Large setup violations at the end of those stages might be difficult to fix during the post-placement implementation flow and could be the result of non-optimal XDC constraints or non-optimal design architecture
Related violations: <none>

TIMING-16#118 Warning
Large setup violation  
There is a large setup violation of -6.168 ns between cpu/ex_mem_rd_reg[0]/C (clocked by sys_clk_pin) and cpu/id_ex_pc_plus4_reg[16]/R (clocked by sys_clk_pin). Large setup violations at the end of those stages might be difficult to fix during the post-placement implementation flow and could be the result of non-optimal XDC constraints or non-optimal design architecture
Related violations: <none>

TIMING-16#119 Warning
Large setup violation  
There is a large setup violation of -6.168 ns between cpu/ex_mem_rd_reg[0]/C (clocked by sys_clk_pin) and cpu/id_ex_pc_plus4_reg[17]/R (clocked by sys_clk_pin). Large setup violations at the end of those stages might be difficult to fix during the post-placement implementation flow and could be the result of non-optimal XDC constraints or non-optimal design architecture
Related violations: <none>

TIMING-16#120 Warning
Large setup violation  
There is a large setup violation of -6.168 ns between cpu/ex_mem_rd_reg[0]/C (clocked by sys_clk_pin) and cpu/id_ex_pc_plus4_reg[18]/R (clocked by sys_clk_pin). Large setup violations at the end of those stages might be difficult to fix during the post-placement implementation flow and could be the result of non-optimal XDC constraints or non-optimal design architecture
Related violations: <none>

TIMING-16#121 Warning
Large setup violation  
There is a large setup violation of -6.168 ns between cpu/ex_mem_rd_reg[0]/C (clocked by sys_clk_pin) and cpu/id_ex_pc_plus4_reg[24]/R (clocked by sys_clk_pin). Large setup violations at the end of those stages might be difficult to fix during the post-placement implementation flow and could be the result of non-optimal XDC constraints or non-optimal design architecture
Related violations: <none>

TIMING-16#122 Warning
Large setup violation  
There is a large setup violation of -6.168 ns between cpu/ex_mem_rd_reg[0]/C (clocked by sys_clk_pin) and cpu/id_ex_pc_plus4_reg[5]/R (clocked by sys_clk_pin). Large setup violations at the end of those stages might be difficult to fix during the post-placement implementation flow and could be the result of non-optimal XDC constraints or non-optimal design architecture
Related violations: <none>

TIMING-16#123 Warning
Large setup violation  
There is a large setup violation of -6.168 ns between cpu/ex_mem_rd_reg[0]/C (clocked by sys_clk_pin) and cpu/id_ex_rd1_reg[7]/R (clocked by sys_clk_pin). Large setup violations at the end of those stages might be difficult to fix during the post-placement implementation flow and could be the result of non-optimal XDC constraints or non-optimal design architecture
Related violations: <none>

TIMING-16#124 Warning
Large setup violation  
There is a large setup violation of -6.168 ns between cpu/ex_mem_rd_reg[0]/C (clocked by sys_clk_pin) and cpu/id_ex_rd1_reg[8]/R (clocked by sys_clk_pin). Large setup violations at the end of those stages might be difficult to fix during the post-placement implementation flow and could be the result of non-optimal XDC constraints or non-optimal design architecture
Related violations: <none>

TIMING-16#125 Warning
Large setup violation  
There is a large setup violation of -6.168 ns between cpu/ex_mem_rd_reg[0]/C (clocked by sys_clk_pin) and cpu/id_ex_rd_reg[1]/R (clocked by sys_clk_pin). Large setup violations at the end of those stages might be difficult to fix during the post-placement implementation flow and could be the result of non-optimal XDC constraints or non-optimal design architecture
Related violations: <none>

TIMING-16#126 Warning
Large setup violation  
There is a large setup violation of -6.168 ns between cpu/ex_mem_rd_reg[0]/C (clocked by sys_clk_pin) and cpu/if_id_instr_reg[14]/R (clocked by sys_clk_pin). Large setup violations at the end of those stages might be difficult to fix during the post-placement implementation flow and could be the result of non-optimal XDC constraints or non-optimal design architecture
Related violations: <none>

TIMING-16#127 Warning
Large setup violation  
There is a large setup violation of -6.210 ns between cpu/ex_mem_rd_reg[0]/C (clocked by sys_clk_pin) and cpu/if_id_instr_reg[15]/R (clocked by sys_clk_pin). Large setup violations at the end of those stages might be difficult to fix during the post-placement implementation flow and could be the result of non-optimal XDC constraints or non-optimal design architecture
Related violations: <none>

TIMING-16#128 Warning
Large setup violation  
There is a large setup violation of -6.210 ns between cpu/ex_mem_rd_reg[0]/C (clocked by sys_clk_pin) and cpu/if_id_instr_reg[17]/R (clocked by sys_clk_pin). Large setup violations at the end of those stages might be difficult to fix during the post-placement implementation flow and could be the result of non-optimal XDC constraints or non-optimal design architecture
Related violations: <none>

TIMING-16#129 Warning
Large setup violation  
There is a large setup violation of -6.210 ns between cpu/ex_mem_rd_reg[0]/C (clocked by sys_clk_pin) and cpu/if_id_instr_reg[21]/R (clocked by sys_clk_pin). Large setup violations at the end of those stages might be difficult to fix during the post-placement implementation flow and could be the result of non-optimal XDC constraints or non-optimal design architecture
Related violations: <none>

TIMING-16#130 Warning
Large setup violation  
There is a large setup violation of -6.210 ns between cpu/ex_mem_rd_reg[0]/C (clocked by sys_clk_pin) and cpu/if_id_instr_reg[3]/R (clocked by sys_clk_pin). Large setup violations at the end of those stages might be difficult to fix during the post-placement implementation flow and could be the result of non-optimal XDC constraints or non-optimal design architecture
Related violations: <none>

TIMING-16#131 Warning
Large setup violation  
There is a large setup violation of -6.212 ns between cpu/id_ex_rd_reg[1]/C (clocked by sys_clk_pin) and cpu/if_id_instr_reg[25]/R (clocked by sys_clk_pin). Large setup violations at the end of those stages might be difficult to fix during the post-placement implementation flow and could be the result of non-optimal XDC constraints or non-optimal design architecture
Related violations: <none>

TIMING-16#132 Warning
Large setup violation  
There is a large setup violation of -6.216 ns between cpu/ex_mem_rd_reg[0]/C (clocked by sys_clk_pin) and cpu/if_id_pc_reg[1]/R (clocked by sys_clk_pin). Large setup violations at the end of those stages might be difficult to fix during the post-placement implementation flow and could be the result of non-optimal XDC constraints or non-optimal design architecture
Related violations: <none>

TIMING-16#133 Warning
Large setup violation  
There is a large setup violation of -6.216 ns between cpu/ex_mem_rd_reg[0]/C (clocked by sys_clk_pin) and cpu/if_id_pc_reg[23]/R (clocked by sys_clk_pin). Large setup violations at the end of those stages might be difficult to fix during the post-placement implementation flow and could be the result of non-optimal XDC constraints or non-optimal design architecture
Related violations: <none>

TIMING-16#134 Warning
Large setup violation  
There is a large setup violation of -6.216 ns between cpu/ex_mem_rd_reg[0]/C (clocked by sys_clk_pin) and cpu/if_id_pc_reg[24]/R (clocked by sys_clk_pin). Large setup violations at the end of those stages might be difficult to fix during the post-placement implementation flow and could be the result of non-optimal XDC constraints or non-optimal design architecture
Related violations: <none>

TIMING-16#135 Warning
Large setup violation  
There is a large setup violation of -6.216 ns between cpu/ex_mem_rd_reg[0]/C (clocked by sys_clk_pin) and cpu/if_id_pc_reg[25]/R (clocked by sys_clk_pin). Large setup violations at the end of those stages might be difficult to fix during the post-placement implementation flow and could be the result of non-optimal XDC constraints or non-optimal design architecture
Related violations: <none>

TIMING-16#136 Warning
Large setup violation  
There is a large setup violation of -6.218 ns between cpu/ex_mem_rd_reg[0]/C (clocked by sys_clk_pin) and cpu/if_id_instr_reg[11]/R (clocked by sys_clk_pin). Large setup violations at the end of those stages might be difficult to fix during the post-placement implementation flow and could be the result of non-optimal XDC constraints or non-optimal design architecture
Related violations: <none>

TIMING-16#137 Warning
Large setup violation  
There is a large setup violation of -6.218 ns between cpu/ex_mem_rd_reg[0]/C (clocked by sys_clk_pin) and cpu/if_id_instr_reg[23]/R (clocked by sys_clk_pin). Large setup violations at the end of those stages might be difficult to fix during the post-placement implementation flow and could be the result of non-optimal XDC constraints or non-optimal design architecture
Related violations: <none>

TIMING-16#138 Warning
Large setup violation  
There is a large setup violation of -6.218 ns between cpu/ex_mem_rd_reg[0]/C (clocked by sys_clk_pin) and cpu/if_id_instr_reg[24]/R (clocked by sys_clk_pin). Large setup violations at the end of those stages might be difficult to fix during the post-placement implementation flow and could be the result of non-optimal XDC constraints or non-optimal design architecture
Related violations: <none>

TIMING-16#139 Warning
Large setup violation  
There is a large setup violation of -6.218 ns between cpu/ex_mem_rd_reg[0]/C (clocked by sys_clk_pin) and cpu/if_id_instr_reg[2]/R (clocked by sys_clk_pin). Large setup violations at the end of those stages might be difficult to fix during the post-placement implementation flow and could be the result of non-optimal XDC constraints or non-optimal design architecture
Related violations: <none>

TIMING-16#140 Warning
Large setup violation  
There is a large setup violation of -6.220 ns between cpu/ex_mem_rd_reg[0]/C (clocked by sys_clk_pin) and cpu/if_id_pc_reg[0]/R (clocked by sys_clk_pin). Large setup violations at the end of those stages might be difficult to fix during the post-placement implementation flow and could be the result of non-optimal XDC constraints or non-optimal design architecture
Related violations: <none>

TIMING-16#141 Warning
Large setup violation  
There is a large setup violation of -6.220 ns between cpu/ex_mem_rd_reg[0]/C (clocked by sys_clk_pin) and cpu/if_id_pc_reg[11]/R (clocked by sys_clk_pin). Large setup violations at the end of those stages might be difficult to fix during the post-placement implementation flow and could be the result of non-optimal XDC constraints or non-optimal design architecture
Related violations: <none>

TIMING-16#142 Warning
Large setup violation  
There is a large setup violation of -6.220 ns between cpu/ex_mem_rd_reg[0]/C (clocked by sys_clk_pin) and cpu/if_id_pc_reg[15]/R (clocked by sys_clk_pin). Large setup violations at the end of those stages might be difficult to fix during the post-placement implementation flow and could be the result of non-optimal XDC constraints or non-optimal design architecture
Related violations: <none>

TIMING-16#143 Warning
Large setup violation  
There is a large setup violation of -6.230 ns between cpu/ex_mem_rd_reg[0]/C (clocked by sys_clk_pin) and cpu/if_id_pc_plus4_reg[25]/R (clocked by sys_clk_pin). Large setup violations at the end of those stages might be difficult to fix during the post-placement implementation flow and could be the result of non-optimal XDC constraints or non-optimal design architecture
Related violations: <none>

TIMING-16#144 Warning
Large setup violation  
There is a large setup violation of -6.230 ns between cpu/ex_mem_rd_reg[0]/C (clocked by sys_clk_pin) and cpu/if_id_pc_plus4_reg[26]/R (clocked by sys_clk_pin). Large setup violations at the end of those stages might be difficult to fix during the post-placement implementation flow and could be the result of non-optimal XDC constraints or non-optimal design architecture
Related violations: <none>

TIMING-16#145 Warning
Large setup violation  
There is a large setup violation of -6.230 ns between cpu/ex_mem_rd_reg[0]/C (clocked by sys_clk_pin) and cpu/if_id_pc_plus4_reg[27]/R (clocked by sys_clk_pin). Large setup violations at the end of those stages might be difficult to fix during the post-placement implementation flow and could be the result of non-optimal XDC constraints or non-optimal design architecture
Related violations: <none>

TIMING-16#146 Warning
Large setup violation  
There is a large setup violation of -6.230 ns between cpu/ex_mem_rd_reg[0]/C (clocked by sys_clk_pin) and cpu/if_id_pc_plus4_reg[28]/R (clocked by sys_clk_pin). Large setup violations at the end of those stages might be difficult to fix during the post-placement implementation flow and could be the result of non-optimal XDC constraints or non-optimal design architecture
Related violations: <none>

TIMING-16#147 Warning
Large setup violation  
There is a large setup violation of -6.250 ns between cpu/ex_mem_rd_reg[0]/C (clocked by sys_clk_pin) and cpu/if_id_pc_plus4_reg[5]/R (clocked by sys_clk_pin). Large setup violations at the end of those stages might be difficult to fix during the post-placement implementation flow and could be the result of non-optimal XDC constraints or non-optimal design architecture
Related violations: <none>

TIMING-16#148 Warning
Large setup violation  
There is a large setup violation of -6.250 ns between cpu/ex_mem_rd_reg[0]/C (clocked by sys_clk_pin) and cpu/if_id_pc_plus4_reg[6]/R (clocked by sys_clk_pin). Large setup violations at the end of those stages might be difficult to fix during the post-placement implementation flow and could be the result of non-optimal XDC constraints or non-optimal design architecture
Related violations: <none>

TIMING-16#149 Warning
Large setup violation  
There is a large setup violation of -6.250 ns between cpu/ex_mem_rd_reg[0]/C (clocked by sys_clk_pin) and cpu/if_id_pc_plus4_reg[7]/R (clocked by sys_clk_pin). Large setup violations at the end of those stages might be difficult to fix during the post-placement implementation flow and could be the result of non-optimal XDC constraints or non-optimal design architecture
Related violations: <none>

TIMING-16#150 Warning
Large setup violation  
There is a large setup violation of -6.250 ns between cpu/ex_mem_rd_reg[0]/C (clocked by sys_clk_pin) and cpu/if_id_pc_plus4_reg[8]/R (clocked by sys_clk_pin). Large setup violations at the end of those stages might be difficult to fix during the post-placement implementation flow and could be the result of non-optimal XDC constraints or non-optimal design architecture
Related violations: <none>

TIMING-16#151 Warning
Large setup violation  
There is a large setup violation of -6.253 ns between cpu/ex_mem_rd_reg[0]/C (clocked by sys_clk_pin) and cpu/id_ex_imm_ext_reg[19]/R (clocked by sys_clk_pin). Large setup violations at the end of those stages might be difficult to fix during the post-placement implementation flow and could be the result of non-optimal XDC constraints or non-optimal design architecture
Related violations: <none>

TIMING-16#152 Warning
Large setup violation  
There is a large setup violation of -6.253 ns between cpu/ex_mem_rd_reg[0]/C (clocked by sys_clk_pin) and cpu/id_ex_imm_ext_reg[22]/R (clocked by sys_clk_pin). Large setup violations at the end of those stages might be difficult to fix during the post-placement implementation flow and could be the result of non-optimal XDC constraints or non-optimal design architecture
Related violations: <none>

TIMING-16#153 Warning
Large setup violation  
There is a large setup violation of -6.253 ns between cpu/ex_mem_rd_reg[0]/C (clocked by sys_clk_pin) and cpu/id_ex_imm_ext_reg[31]/R (clocked by sys_clk_pin). Large setup violations at the end of those stages might be difficult to fix during the post-placement implementation flow and could be the result of non-optimal XDC constraints or non-optimal design architecture
Related violations: <none>

TIMING-16#154 Warning
Large setup violation  
There is a large setup violation of -6.253 ns between cpu/ex_mem_rd_reg[0]/C (clocked by sys_clk_pin) and cpu/id_ex_imm_ext_reg[4]/R (clocked by sys_clk_pin). Large setup violations at the end of those stages might be difficult to fix during the post-placement implementation flow and could be the result of non-optimal XDC constraints or non-optimal design architecture
Related violations: <none>

TIMING-16#155 Warning
Large setup violation  
There is a large setup violation of -6.253 ns between cpu/ex_mem_rd_reg[0]/C (clocked by sys_clk_pin) and cpu/id_ex_pc_plus4_reg[13]/R (clocked by sys_clk_pin). Large setup violations at the end of those stages might be difficult to fix during the post-placement implementation flow and could be the result of non-optimal XDC constraints or non-optimal design architecture
Related violations: <none>

TIMING-16#156 Warning
Large setup violation  
There is a large setup violation of -6.253 ns between cpu/ex_mem_rd_reg[0]/C (clocked by sys_clk_pin) and cpu/id_ex_pc_plus4_reg[14]/R (clocked by sys_clk_pin). Large setup violations at the end of those stages might be difficult to fix during the post-placement implementation flow and could be the result of non-optimal XDC constraints or non-optimal design architecture
Related violations: <none>

TIMING-16#157 Warning
Large setup violation  
There is a large setup violation of -6.253 ns between cpu/ex_mem_rd_reg[0]/C (clocked by sys_clk_pin) and cpu/id_ex_pc_plus4_reg[28]/R (clocked by sys_clk_pin). Large setup violations at the end of those stages might be difficult to fix during the post-placement implementation flow and could be the result of non-optimal XDC constraints or non-optimal design architecture
Related violations: <none>

TIMING-16#158 Warning
Large setup violation  
There is a large setup violation of -6.253 ns between cpu/ex_mem_rd_reg[0]/C (clocked by sys_clk_pin) and cpu/id_ex_pc_reg[31]/R (clocked by sys_clk_pin). Large setup violations at the end of those stages might be difficult to fix during the post-placement implementation flow and could be the result of non-optimal XDC constraints or non-optimal design architecture
Related violations: <none>

TIMING-16#159 Warning
Large setup violation  
There is a large setup violation of -6.254 ns between cpu/ex_mem_rd_reg[0]/C (clocked by sys_clk_pin) and cpu/id_ex_pc_plus4_reg[23]/R (clocked by sys_clk_pin). Large setup violations at the end of those stages might be difficult to fix during the post-placement implementation flow and could be the result of non-optimal XDC constraints or non-optimal design architecture
Related violations: <none>

TIMING-16#160 Warning
Large setup violation  
There is a large setup violation of -6.254 ns between cpu/ex_mem_rd_reg[0]/C (clocked by sys_clk_pin) and cpu/id_ex_pc_plus4_reg[29]/R (clocked by sys_clk_pin). Large setup violations at the end of those stages might be difficult to fix during the post-placement implementation flow and could be the result of non-optimal XDC constraints or non-optimal design architecture
Related violations: <none>

TIMING-16#161 Warning
Large setup violation  
There is a large setup violation of -6.254 ns between cpu/ex_mem_rd_reg[0]/C (clocked by sys_clk_pin) and cpu/id_ex_rd1_reg[18]/R (clocked by sys_clk_pin). Large setup violations at the end of those stages might be difficult to fix during the post-placement implementation flow and could be the result of non-optimal XDC constraints or non-optimal design architecture
Related violations: <none>

TIMING-16#162 Warning
Large setup violation  
There is a large setup violation of -6.254 ns between cpu/ex_mem_rd_reg[0]/C (clocked by sys_clk_pin) and cpu/id_ex_rd2_reg[31]/R (clocked by sys_clk_pin). Large setup violations at the end of those stages might be difficult to fix during the post-placement implementation flow and could be the result of non-optimal XDC constraints or non-optimal design architecture
Related violations: <none>

TIMING-16#163 Warning
Large setup violation  
There is a large setup violation of -6.254 ns between cpu/ex_mem_rd_reg[0]/C (clocked by sys_clk_pin) and cpu/id_ex_rd2_reg[4]/R (clocked by sys_clk_pin). Large setup violations at the end of those stages might be difficult to fix during the post-placement implementation flow and could be the result of non-optimal XDC constraints or non-optimal design architecture
Related violations: <none>

TIMING-16#164 Warning
Large setup violation  
There is a large setup violation of -6.254 ns between cpu/ex_mem_rd_reg[0]/C (clocked by sys_clk_pin) and cpu/id_ex_reg_write_reg/R (clocked by sys_clk_pin). Large setup violations at the end of those stages might be difficult to fix during the post-placement implementation flow and could be the result of non-optimal XDC constraints or non-optimal design architecture
Related violations: <none>

TIMING-16#165 Warning
Large setup violation  
There is a large setup violation of -6.254 ns between cpu/ex_mem_rd_reg[0]/C (clocked by sys_clk_pin) and cpu/id_ex_rs1_reg[4]/R (clocked by sys_clk_pin). Large setup violations at the end of those stages might be difficult to fix during the post-placement implementation flow and could be the result of non-optimal XDC constraints or non-optimal design architecture
Related violations: <none>

TIMING-16#166 Warning
Large setup violation  
There is a large setup violation of -6.255 ns between cpu/ex_mem_rd_reg[0]/C (clocked by sys_clk_pin) and cpu/id_ex_alu_control_reg[1]/R (clocked by sys_clk_pin). Large setup violations at the end of those stages might be difficult to fix during the post-placement implementation flow and could be the result of non-optimal XDC constraints or non-optimal design architecture
Related violations: <none>

TIMING-16#167 Warning
Large setup violation  
There is a large setup violation of -6.255 ns between cpu/ex_mem_rd_reg[0]/C (clocked by sys_clk_pin) and cpu/id_ex_pc_plus4_reg[19]/R (clocked by sys_clk_pin). Large setup violations at the end of those stages might be difficult to fix during the post-placement implementation flow and could be the result of non-optimal XDC constraints or non-optimal design architecture
Related violations: <none>

TIMING-16#168 Warning
Large setup violation  
There is a large setup violation of -6.255 ns between cpu/ex_mem_rd_reg[0]/C (clocked by sys_clk_pin) and cpu/id_ex_pc_reg[10]/R (clocked by sys_clk_pin). Large setup violations at the end of those stages might be difficult to fix during the post-placement implementation flow and could be the result of non-optimal XDC constraints or non-optimal design architecture
Related violations: <none>

TIMING-16#169 Warning
Large setup violation  
There is a large setup violation of -6.255 ns between cpu/ex_mem_rd_reg[0]/C (clocked by sys_clk_pin) and cpu/id_ex_pc_reg[19]/R (clocked by sys_clk_pin). Large setup violations at the end of those stages might be difficult to fix during the post-placement implementation flow and could be the result of non-optimal XDC constraints or non-optimal design architecture
Related violations: <none>

TIMING-16#170 Warning
Large setup violation  
There is a large setup violation of -6.255 ns between cpu/ex_mem_rd_reg[0]/C (clocked by sys_clk_pin) and cpu/id_ex_pc_reg[23]/R (clocked by sys_clk_pin). Large setup violations at the end of those stages might be difficult to fix during the post-placement implementation flow and could be the result of non-optimal XDC constraints or non-optimal design architecture
Related violations: <none>

TIMING-16#171 Warning
Large setup violation  
There is a large setup violation of -6.255 ns between cpu/ex_mem_rd_reg[0]/C (clocked by sys_clk_pin) and cpu/id_ex_pc_reg[25]/R (clocked by sys_clk_pin). Large setup violations at the end of those stages might be difficult to fix during the post-placement implementation flow and could be the result of non-optimal XDC constraints or non-optimal design architecture
Related violations: <none>

TIMING-16#172 Warning
Large setup violation  
There is a large setup violation of -6.255 ns between cpu/ex_mem_rd_reg[0]/C (clocked by sys_clk_pin) and cpu/id_ex_pc_reg[30]/R (clocked by sys_clk_pin). Large setup violations at the end of those stages might be difficult to fix during the post-placement implementation flow and could be the result of non-optimal XDC constraints or non-optimal design architecture
Related violations: <none>

TIMING-16#173 Warning
Large setup violation  
There is a large setup violation of -6.255 ns between cpu/ex_mem_rd_reg[0]/C (clocked by sys_clk_pin) and cpu/id_ex_rs2_reg[2]/R (clocked by sys_clk_pin). Large setup violations at the end of those stages might be difficult to fix during the post-placement implementation flow and could be the result of non-optimal XDC constraints or non-optimal design architecture
Related violations: <none>

TIMING-16#174 Warning
Large setup violation  
There is a large setup violation of -6.257 ns between cpu/ex_mem_rd_reg[0]/C (clocked by sys_clk_pin) and cpu/if_id_pc_reg[28]/R (clocked by sys_clk_pin). Large setup violations at the end of those stages might be difficult to fix during the post-placement implementation flow and could be the result of non-optimal XDC constraints or non-optimal design architecture
Related violations: <none>

TIMING-16#175 Warning
Large setup violation  
There is a large setup violation of -6.257 ns between cpu/ex_mem_rd_reg[0]/C (clocked by sys_clk_pin) and cpu/if_id_pc_reg[30]/R (clocked by sys_clk_pin). Large setup violations at the end of those stages might be difficult to fix during the post-placement implementation flow and could be the result of non-optimal XDC constraints or non-optimal design architecture
Related violations: <none>

TIMING-16#176 Warning
Large setup violation  
There is a large setup violation of -6.257 ns between cpu/ex_mem_rd_reg[0]/C (clocked by sys_clk_pin) and cpu/if_id_pc_reg[8]/R (clocked by sys_clk_pin). Large setup violations at the end of those stages might be difficult to fix during the post-placement implementation flow and could be the result of non-optimal XDC constraints or non-optimal design architecture
Related violations: <none>

TIMING-16#177 Warning
Large setup violation  
There is a large setup violation of -6.257 ns between cpu/ex_mem_rd_reg[0]/C (clocked by sys_clk_pin) and cpu/if_id_pc_reg[9]/R (clocked by sys_clk_pin). Large setup violations at the end of those stages might be difficult to fix during the post-placement implementation flow and could be the result of non-optimal XDC constraints or non-optimal design architecture
Related violations: <none>

TIMING-16#178 Warning
Large setup violation  
There is a large setup violation of -6.263 ns between cpu/ex_mem_rd_reg[0]/C (clocked by sys_clk_pin) and cpu/id_ex_funct3_reg[1]/R (clocked by sys_clk_pin). Large setup violations at the end of those stages might be difficult to fix during the post-placement implementation flow and could be the result of non-optimal XDC constraints or non-optimal design architecture
Related violations: <none>

TIMING-16#179 Warning
Large setup violation  
There is a large setup violation of -6.263 ns between cpu/ex_mem_rd_reg[0]/C (clocked by sys_clk_pin) and cpu/id_ex_pc_plus4_reg[10]/R (clocked by sys_clk_pin). Large setup violations at the end of those stages might be difficult to fix during the post-placement implementation flow and could be the result of non-optimal XDC constraints or non-optimal design architecture
Related violations: <none>

TIMING-16#180 Warning
Large setup violation  
There is a large setup violation of -6.263 ns between cpu/ex_mem_rd_reg[0]/C (clocked by sys_clk_pin) and cpu/id_ex_pc_plus4_reg[6]/R (clocked by sys_clk_pin). Large setup violations at the end of those stages might be difficult to fix during the post-placement implementation flow and could be the result of non-optimal XDC constraints or non-optimal design architecture
Related violations: <none>

TIMING-16#181 Warning
Large setup violation  
There is a large setup violation of -6.263 ns between cpu/ex_mem_rd_reg[0]/C (clocked by sys_clk_pin) and cpu/id_ex_pc_plus4_reg[8]/R (clocked by sys_clk_pin). Large setup violations at the end of those stages might be difficult to fix during the post-placement implementation flow and could be the result of non-optimal XDC constraints or non-optimal design architecture
Related violations: <none>

TIMING-16#182 Warning
Large setup violation  
There is a large setup violation of -6.263 ns between cpu/ex_mem_rd_reg[0]/C (clocked by sys_clk_pin) and cpu/id_ex_pc_reg[2]/R (clocked by sys_clk_pin). Large setup violations at the end of those stages might be difficult to fix during the post-placement implementation flow and could be the result of non-optimal XDC constraints or non-optimal design architecture
Related violations: <none>

TIMING-16#183 Warning
Large setup violation  
There is a large setup violation of -6.263 ns between cpu/ex_mem_rd_reg[0]/C (clocked by sys_clk_pin) and cpu/id_ex_rd1_reg[17]/R (clocked by sys_clk_pin). Large setup violations at the end of those stages might be difficult to fix during the post-placement implementation flow and could be the result of non-optimal XDC constraints or non-optimal design architecture
Related violations: <none>

TIMING-16#184 Warning
Large setup violation  
There is a large setup violation of -6.263 ns between cpu/ex_mem_rd_reg[0]/C (clocked by sys_clk_pin) and cpu/id_ex_rd1_reg[27]/R (clocked by sys_clk_pin). Large setup violations at the end of those stages might be difficult to fix during the post-placement implementation flow and could be the result of non-optimal XDC constraints or non-optimal design architecture
Related violations: <none>

TIMING-16#185 Warning
Large setup violation  
There is a large setup violation of -6.263 ns between cpu/ex_mem_rd_reg[0]/C (clocked by sys_clk_pin) and cpu/id_ex_result_src_reg[1]/R (clocked by sys_clk_pin). Large setup violations at the end of those stages might be difficult to fix during the post-placement implementation flow and could be the result of non-optimal XDC constraints or non-optimal design architecture
Related violations: <none>

TIMING-16#186 Warning
Large setup violation  
There is a large setup violation of -6.264 ns between cpu/ex_mem_rd_reg[0]/C (clocked by sys_clk_pin) and cpu/id_ex_imm_ext_reg[1]/R (clocked by sys_clk_pin). Large setup violations at the end of those stages might be difficult to fix during the post-placement implementation flow and could be the result of non-optimal XDC constraints or non-optimal design architecture
Related violations: <none>

TIMING-16#187 Warning
Large setup violation  
There is a large setup violation of -6.264 ns between cpu/ex_mem_rd_reg[0]/C (clocked by sys_clk_pin) and cpu/id_ex_pc_reg[22]/R (clocked by sys_clk_pin). Large setup violations at the end of those stages might be difficult to fix during the post-placement implementation flow and could be the result of non-optimal XDC constraints or non-optimal design architecture
Related violations: <none>

TIMING-16#188 Warning
Large setup violation  
There is a large setup violation of -6.264 ns between cpu/ex_mem_rd_reg[0]/C (clocked by sys_clk_pin) and cpu/id_ex_pc_reg[27]/R (clocked by sys_clk_pin). Large setup violations at the end of those stages might be difficult to fix during the post-placement implementation flow and could be the result of non-optimal XDC constraints or non-optimal design architecture
Related violations: <none>

TIMING-16#189 Warning
Large setup violation  
There is a large setup violation of -6.264 ns between cpu/ex_mem_rd_reg[0]/C (clocked by sys_clk_pin) and cpu/id_ex_rd1_reg[25]/R (clocked by sys_clk_pin). Large setup violations at the end of those stages might be difficult to fix during the post-placement implementation flow and could be the result of non-optimal XDC constraints or non-optimal design architecture
Related violations: <none>

TIMING-16#190 Warning
Large setup violation  
There is a large setup violation of -6.264 ns between cpu/ex_mem_rd_reg[0]/C (clocked by sys_clk_pin) and cpu/id_ex_rd2_reg[16]/R (clocked by sys_clk_pin). Large setup violations at the end of those stages might be difficult to fix during the post-placement implementation flow and could be the result of non-optimal XDC constraints or non-optimal design architecture
Related violations: <none>

TIMING-16#191 Warning
Large setup violation  
There is a large setup violation of -6.264 ns between cpu/ex_mem_rd_reg[0]/C (clocked by sys_clk_pin) and cpu/id_ex_rd2_reg[17]/R (clocked by sys_clk_pin). Large setup violations at the end of those stages might be difficult to fix during the post-placement implementation flow and could be the result of non-optimal XDC constraints or non-optimal design architecture
Related violations: <none>

TIMING-16#192 Warning
Large setup violation  
There is a large setup violation of -6.279 ns between cpu/ex_mem_rd_reg[0]/C (clocked by sys_clk_pin) and cpu/id_ex_rd2_reg[21]/R (clocked by sys_clk_pin). Large setup violations at the end of those stages might be difficult to fix during the post-placement implementation flow and could be the result of non-optimal XDC constraints or non-optimal design architecture
Related violations: <none>

TIMING-16#193 Warning
Large setup violation  
There is a large setup violation of -6.286 ns between cpu/ex_mem_rd_reg[0]/C (clocked by sys_clk_pin) and cpu/if_id_pc_plus4_reg[29]/R (clocked by sys_clk_pin). Large setup violations at the end of those stages might be difficult to fix during the post-placement implementation flow and could be the result of non-optimal XDC constraints or non-optimal design architecture
Related violations: <none>

TIMING-16#194 Warning
Large setup violation  
There is a large setup violation of -6.286 ns between cpu/ex_mem_rd_reg[0]/C (clocked by sys_clk_pin) and cpu/if_id_pc_plus4_reg[30]/R (clocked by sys_clk_pin). Large setup violations at the end of those stages might be difficult to fix during the post-placement implementation flow and could be the result of non-optimal XDC constraints or non-optimal design architecture
Related violations: <none>

TIMING-16#195 Warning
Large setup violation  
There is a large setup violation of -6.286 ns between cpu/ex_mem_rd_reg[0]/C (clocked by sys_clk_pin) and cpu/if_id_pc_plus4_reg[31]/R (clocked by sys_clk_pin). Large setup violations at the end of those stages might be difficult to fix during the post-placement implementation flow and could be the result of non-optimal XDC constraints or non-optimal design architecture
Related violations: <none>

TIMING-16#196 Warning
Large setup violation  
There is a large setup violation of -6.289 ns between cpu/ex_mem_rd_reg[0]/C (clocked by sys_clk_pin) and cpu/id_ex_pc_plus4_reg[15]/R (clocked by sys_clk_pin). Large setup violations at the end of those stages might be difficult to fix during the post-placement implementation flow and could be the result of non-optimal XDC constraints or non-optimal design architecture
Related violations: <none>

TIMING-16#197 Warning
Large setup violation  
There is a large setup violation of -6.289 ns between cpu/ex_mem_rd_reg[0]/C (clocked by sys_clk_pin) and cpu/id_ex_pc_plus4_reg[26]/R (clocked by sys_clk_pin). Large setup violations at the end of those stages might be difficult to fix during the post-placement implementation flow and could be the result of non-optimal XDC constraints or non-optimal design architecture
Related violations: <none>

TIMING-16#198 Warning
Large setup violation  
There is a large setup violation of -6.289 ns between cpu/ex_mem_rd_reg[0]/C (clocked by sys_clk_pin) and cpu/id_ex_pc_plus4_reg[3]/R (clocked by sys_clk_pin). Large setup violations at the end of those stages might be difficult to fix during the post-placement implementation flow and could be the result of non-optimal XDC constraints or non-optimal design architecture
Related violations: <none>

TIMING-16#199 Warning
Large setup violation  
There is a large setup violation of -6.289 ns between cpu/ex_mem_rd_reg[0]/C (clocked by sys_clk_pin) and cpu/id_ex_pc_plus4_reg[7]/R (clocked by sys_clk_pin). Large setup violations at the end of those stages might be difficult to fix during the post-placement implementation flow and could be the result of non-optimal XDC constraints or non-optimal design architecture
Related violations: <none>

TIMING-16#200 Warning
Large setup violation  
There is a large setup violation of -6.290 ns between cpu/ex_mem_rd_reg[0]/C (clocked by sys_clk_pin) and cpu/id_ex_rd1_reg[30]/R (clocked by sys_clk_pin). Large setup violations at the end of those stages might be difficult to fix during the post-placement implementation flow and could be the result of non-optimal XDC constraints or non-optimal design architecture
Related violations: <none>

TIMING-16#201 Warning
Large setup violation  
There is a large setup violation of -6.290 ns between cpu/ex_mem_rd_reg[0]/C (clocked by sys_clk_pin) and cpu/id_ex_rd1_reg[31]/R (clocked by sys_clk_pin). Large setup violations at the end of those stages might be difficult to fix during the post-placement implementation flow and could be the result of non-optimal XDC constraints or non-optimal design architecture
Related violations: <none>

TIMING-16#202 Warning
Large setup violation  
There is a large setup violation of -6.290 ns between cpu/ex_mem_rd_reg[0]/C (clocked by sys_clk_pin) and cpu/id_ex_rd2_reg[25]/R (clocked by sys_clk_pin). Large setup violations at the end of those stages might be difficult to fix during the post-placement implementation flow and could be the result of non-optimal XDC constraints or non-optimal design architecture
Related violations: <none>

TIMING-16#203 Warning
Large setup violation  
There is a large setup violation of -6.290 ns between cpu/ex_mem_rd_reg[0]/C (clocked by sys_clk_pin) and cpu/id_ex_rd2_reg[28]/R (clocked by sys_clk_pin). Large setup violations at the end of those stages might be difficult to fix during the post-placement implementation flow and could be the result of non-optimal XDC constraints or non-optimal design architecture
Related violations: <none>

TIMING-16#204 Warning
Large setup violation  
There is a large setup violation of -6.295 ns between cpu/ex_mem_rd_reg[0]/C (clocked by sys_clk_pin) and cpu/if_id_pc_plus4_reg[21]/R (clocked by sys_clk_pin). Large setup violations at the end of those stages might be difficult to fix during the post-placement implementation flow and could be the result of non-optimal XDC constraints or non-optimal design architecture
Related violations: <none>

TIMING-16#205 Warning
Large setup violation  
There is a large setup violation of -6.295 ns between cpu/ex_mem_rd_reg[0]/C (clocked by sys_clk_pin) and cpu/if_id_pc_plus4_reg[22]/R (clocked by sys_clk_pin). Large setup violations at the end of those stages might be difficult to fix during the post-placement implementation flow and could be the result of non-optimal XDC constraints or non-optimal design architecture
Related violations: <none>

TIMING-16#206 Warning
Large setup violation  
There is a large setup violation of -6.295 ns between cpu/ex_mem_rd_reg[0]/C (clocked by sys_clk_pin) and cpu/if_id_pc_plus4_reg[23]/R (clocked by sys_clk_pin). Large setup violations at the end of those stages might be difficult to fix during the post-placement implementation flow and could be the result of non-optimal XDC constraints or non-optimal design architecture
Related violations: <none>

TIMING-16#207 Warning
Large setup violation  
There is a large setup violation of -6.295 ns between cpu/ex_mem_rd_reg[0]/C (clocked by sys_clk_pin) and cpu/if_id_pc_plus4_reg[24]/R (clocked by sys_clk_pin). Large setup violations at the end of those stages might be difficult to fix during the post-placement implementation flow and could be the result of non-optimal XDC constraints or non-optimal design architecture
Related violations: <none>

TIMING-16#208 Warning
Large setup violation  
There is a large setup violation of -6.298 ns between cpu/ex_mem_rd_reg[0]/C (clocked by sys_clk_pin) and cpu/id_ex_alu_src1_reg[1]/R (clocked by sys_clk_pin). Large setup violations at the end of those stages might be difficult to fix during the post-placement implementation flow and could be the result of non-optimal XDC constraints or non-optimal design architecture
Related violations: <none>

TIMING-16#209 Warning
Large setup violation  
There is a large setup violation of -6.298 ns between cpu/ex_mem_rd_reg[0]/C (clocked by sys_clk_pin) and cpu/id_ex_rd1_reg[14]/R (clocked by sys_clk_pin). Large setup violations at the end of those stages might be difficult to fix during the post-placement implementation flow and could be the result of non-optimal XDC constraints or non-optimal design architecture
Related violations: <none>

TIMING-16#210 Warning
Large setup violation  
There is a large setup violation of -6.298 ns between cpu/ex_mem_rd_reg[0]/C (clocked by sys_clk_pin) and cpu/id_ex_rd1_reg[4]/R (clocked by sys_clk_pin). Large setup violations at the end of those stages might be difficult to fix during the post-placement implementation flow and could be the result of non-optimal XDC constraints or non-optimal design architecture
Related violations: <none>

TIMING-16#211 Warning
Large setup violation  
There is a large setup violation of -6.298 ns between cpu/ex_mem_rd_reg[0]/C (clocked by sys_clk_pin) and cpu/id_ex_rd2_reg[12]/R (clocked by sys_clk_pin). Large setup violations at the end of those stages might be difficult to fix during the post-placement implementation flow and could be the result of non-optimal XDC constraints or non-optimal design architecture
Related violations: <none>

TIMING-16#212 Warning
Large setup violation  
There is a large setup violation of -6.298 ns between cpu/ex_mem_rd_reg[0]/C (clocked by sys_clk_pin) and cpu/id_ex_rd2_reg[19]/R (clocked by sys_clk_pin). Large setup violations at the end of those stages might be difficult to fix during the post-placement implementation flow and could be the result of non-optimal XDC constraints or non-optimal design architecture
Related violations: <none>

TIMING-16#213 Warning
Large setup violation  
There is a large setup violation of -6.304 ns between cpu/ex_mem_rd_reg[0]/C (clocked by sys_clk_pin) and cpu/id_ex_rd1_reg[20]/R (clocked by sys_clk_pin). Large setup violations at the end of those stages might be difficult to fix during the post-placement implementation flow and could be the result of non-optimal XDC constraints or non-optimal design architecture
Related violations: <none>

TIMING-16#214 Warning
Large setup violation  
There is a large setup violation of -6.304 ns between cpu/ex_mem_rd_reg[0]/C (clocked by sys_clk_pin) and cpu/id_ex_rd1_reg[28]/R (clocked by sys_clk_pin). Large setup violations at the end of those stages might be difficult to fix during the post-placement implementation flow and could be the result of non-optimal XDC constraints or non-optimal design architecture
Related violations: <none>

TIMING-16#215 Warning
Large setup violation  
There is a large setup violation of -6.304 ns between cpu/ex_mem_rd_reg[0]/C (clocked by sys_clk_pin) and cpu/id_ex_rd2_reg[23]/R (clocked by sys_clk_pin). Large setup violations at the end of those stages might be difficult to fix during the post-placement implementation flow and could be the result of non-optimal XDC constraints or non-optimal design architecture
Related violations: <none>

TIMING-16#216 Warning
Large setup violation  
There is a large setup violation of -6.304 ns between cpu/ex_mem_rd_reg[0]/C (clocked by sys_clk_pin) and cpu/id_ex_rd2_reg[29]/R (clocked by sys_clk_pin). Large setup violations at the end of those stages might be difficult to fix during the post-placement implementation flow and could be the result of non-optimal XDC constraints or non-optimal design architecture
Related violations: <none>

TIMING-16#217 Warning
Large setup violation  
There is a large setup violation of -6.304 ns between cpu/ex_mem_rd_reg[0]/C (clocked by sys_clk_pin) and cpu/if_id_pc_plus4_reg[1]/R (clocked by sys_clk_pin). Large setup violations at the end of those stages might be difficult to fix during the post-placement implementation flow and could be the result of non-optimal XDC constraints or non-optimal design architecture
Related violations: <none>

TIMING-16#218 Warning
Large setup violation  
There is a large setup violation of -6.304 ns between cpu/ex_mem_rd_reg[0]/C (clocked by sys_clk_pin) and cpu/if_id_pc_plus4_reg[2]/R (clocked by sys_clk_pin). Large setup violations at the end of those stages might be difficult to fix during the post-placement implementation flow and could be the result of non-optimal XDC constraints or non-optimal design architecture
Related violations: <none>

TIMING-16#219 Warning
Large setup violation  
There is a large setup violation of -6.304 ns between cpu/ex_mem_rd_reg[0]/C (clocked by sys_clk_pin) and cpu/if_id_pc_plus4_reg[3]/R (clocked by sys_clk_pin). Large setup violations at the end of those stages might be difficult to fix during the post-placement implementation flow and could be the result of non-optimal XDC constraints or non-optimal design architecture
Related violations: <none>

TIMING-16#220 Warning
Large setup violation  
There is a large setup violation of -6.304 ns between cpu/ex_mem_rd_reg[0]/C (clocked by sys_clk_pin) and cpu/if_id_pc_plus4_reg[4]/R (clocked by sys_clk_pin). Large setup violations at the end of those stages might be difficult to fix during the post-placement implementation flow and could be the result of non-optimal XDC constraints or non-optimal design architecture
Related violations: <none>

TIMING-16#221 Warning
Large setup violation  
There is a large setup violation of -6.314 ns between cpu/ex_mem_rd_reg[0]/C (clocked by sys_clk_pin) and cpu/id_ex_alu_control_reg[3]/R (clocked by sys_clk_pin). Large setup violations at the end of those stages might be difficult to fix during the post-placement implementation flow and could be the result of non-optimal XDC constraints or non-optimal design architecture
Related violations: <none>

TIMING-16#222 Warning
Large setup violation  
There is a large setup violation of -6.314 ns between cpu/ex_mem_rd_reg[0]/C (clocked by sys_clk_pin) and cpu/id_ex_imm_ext_reg[12]/R (clocked by sys_clk_pin). Large setup violations at the end of those stages might be difficult to fix during the post-placement implementation flow and could be the result of non-optimal XDC constraints or non-optimal design architecture
Related violations: <none>

TIMING-16#223 Warning
Large setup violation  
There is a large setup violation of -6.314 ns between cpu/ex_mem_rd_reg[0]/C (clocked by sys_clk_pin) and cpu/id_ex_imm_ext_reg[13]/R (clocked by sys_clk_pin). Large setup violations at the end of those stages might be difficult to fix during the post-placement implementation flow and could be the result of non-optimal XDC constraints or non-optimal design architecture
Related violations: <none>

TIMING-16#224 Warning
Large setup violation  
There is a large setup violation of -6.314 ns between cpu/ex_mem_rd_reg[0]/C (clocked by sys_clk_pin) and cpu/id_ex_imm_ext_reg[24]/R (clocked by sys_clk_pin). Large setup violations at the end of those stages might be difficult to fix during the post-placement implementation flow and could be the result of non-optimal XDC constraints or non-optimal design architecture
Related violations: <none>

TIMING-16#225 Warning
Large setup violation  
There is a large setup violation of -6.314 ns between cpu/ex_mem_rd_reg[0]/C (clocked by sys_clk_pin) and cpu/id_ex_rd2_reg[13]/R (clocked by sys_clk_pin). Large setup violations at the end of those stages might be difficult to fix during the post-placement implementation flow and could be the result of non-optimal XDC constraints or non-optimal design architecture
Related violations: <none>

TIMING-16#226 Warning
Large setup violation  
There is a large setup violation of -6.314 ns between cpu/ex_mem_rd_reg[0]/C (clocked by sys_clk_pin) and cpu/if_id_instr_reg[13]/R (clocked by sys_clk_pin). Large setup violations at the end of those stages might be difficult to fix during the post-placement implementation flow and could be the result of non-optimal XDC constraints or non-optimal design architecture
Related violations: <none>

TIMING-16#227 Warning
Large setup violation  
There is a large setup violation of -6.316 ns between cpu/ex_mem_rd_reg[0]/C (clocked by sys_clk_pin) and cpu/id_ex_rd1_reg[15]/R (clocked by sys_clk_pin). Large setup violations at the end of those stages might be difficult to fix during the post-placement implementation flow and could be the result of non-optimal XDC constraints or non-optimal design architecture
Related violations: <none>

TIMING-16#228 Warning
Large setup violation  
There is a large setup violation of -6.316 ns between cpu/ex_mem_rd_reg[0]/C (clocked by sys_clk_pin) and cpu/id_ex_rd1_reg[2]/R (clocked by sys_clk_pin). Large setup violations at the end of those stages might be difficult to fix during the post-placement implementation flow and could be the result of non-optimal XDC constraints or non-optimal design architecture
Related violations: <none>

TIMING-16#229 Warning
Large setup violation  
There is a large setup violation of -6.316 ns between cpu/ex_mem_rd_reg[0]/C (clocked by sys_clk_pin) and cpu/id_ex_rd2_reg[10]/R (clocked by sys_clk_pin). Large setup violations at the end of those stages might be difficult to fix during the post-placement implementation flow and could be the result of non-optimal XDC constraints or non-optimal design architecture
Related violations: <none>

TIMING-16#230 Warning
Large setup violation  
There is a large setup violation of -6.317 ns between cpu/ex_mem_rd_reg[0]/C (clocked by sys_clk_pin) and cpu/id_ex_imm_ext_reg[0]/R (clocked by sys_clk_pin). Large setup violations at the end of those stages might be difficult to fix during the post-placement implementation flow and could be the result of non-optimal XDC constraints or non-optimal design architecture
Related violations: <none>

TIMING-16#231 Warning
Large setup violation  
There is a large setup violation of -6.317 ns between cpu/ex_mem_rd_reg[0]/C (clocked by sys_clk_pin) and cpu/id_ex_imm_ext_reg[5]/R (clocked by sys_clk_pin). Large setup violations at the end of those stages might be difficult to fix during the post-placement implementation flow and could be the result of non-optimal XDC constraints or non-optimal design architecture
Related violations: <none>

TIMING-16#232 Warning
Large setup violation  
There is a large setup violation of -6.317 ns between cpu/ex_mem_rd_reg[0]/C (clocked by sys_clk_pin) and cpu/id_ex_rd1_reg[6]/R (clocked by sys_clk_pin). Large setup violations at the end of those stages might be difficult to fix during the post-placement implementation flow and could be the result of non-optimal XDC constraints or non-optimal design architecture
Related violations: <none>

TIMING-16#233 Warning
Large setup violation  
There is a large setup violation of -6.323 ns between cpu/ex_mem_rd_reg[0]/C (clocked by sys_clk_pin) and cpu/id_ex_alu_src_reg/R (clocked by sys_clk_pin). Large setup violations at the end of those stages might be difficult to fix during the post-placement implementation flow and could be the result of non-optimal XDC constraints or non-optimal design architecture
Related violations: <none>

TIMING-16#234 Warning
Large setup violation  
There is a large setup violation of -6.336 ns between cpu/ex_mem_rd_reg[0]/C (clocked by sys_clk_pin) and cpu/id_ex_pc_reg[28]/R (clocked by sys_clk_pin). Large setup violations at the end of those stages might be difficult to fix during the post-placement implementation flow and could be the result of non-optimal XDC constraints or non-optimal design architecture
Related violations: <none>

TIMING-16#235 Warning
Large setup violation  
There is a large setup violation of -6.336 ns between cpu/ex_mem_rd_reg[0]/C (clocked by sys_clk_pin) and cpu/id_ex_rd1_reg[13]/R (clocked by sys_clk_pin). Large setup violations at the end of those stages might be difficult to fix during the post-placement implementation flow and could be the result of non-optimal XDC constraints or non-optimal design architecture
Related violations: <none>

TIMING-16#236 Warning
Large setup violation  
There is a large setup violation of -6.336 ns between cpu/ex_mem_rd_reg[0]/C (clocked by sys_clk_pin) and cpu/id_ex_rd1_reg[16]/R (clocked by sys_clk_pin). Large setup violations at the end of those stages might be difficult to fix during the post-placement implementation flow and could be the result of non-optimal XDC constraints or non-optimal design architecture
Related violations: <none>

TIMING-16#237 Warning
Large setup violation  
There is a large setup violation of -6.336 ns between cpu/ex_mem_rd_reg[0]/C (clocked by sys_clk_pin) and cpu/id_ex_rd1_reg[23]/R (clocked by sys_clk_pin). Large setup violations at the end of those stages might be difficult to fix during the post-placement implementation flow and could be the result of non-optimal XDC constraints or non-optimal design architecture
Related violations: <none>

TIMING-16#238 Warning
Large setup violation  
There is a large setup violation of -6.336 ns between cpu/ex_mem_rd_reg[0]/C (clocked by sys_clk_pin) and cpu/id_ex_rs1_reg[2]/R (clocked by sys_clk_pin). Large setup violations at the end of those stages might be difficult to fix during the post-placement implementation flow and could be the result of non-optimal XDC constraints or non-optimal design architecture
Related violations: <none>

TIMING-16#239 Warning
Large setup violation  
There is a large setup violation of -6.336 ns between cpu/ex_mem_rd_reg[0]/C (clocked by sys_clk_pin) and cpu/id_ex_rs2_reg[0]/R (clocked by sys_clk_pin). Large setup violations at the end of those stages might be difficult to fix during the post-placement implementation flow and could be the result of non-optimal XDC constraints or non-optimal design architecture
Related violations: <none>

TIMING-16#240 Warning
Large setup violation  
There is a large setup violation of -6.336 ns between cpu/ex_mem_rd_reg[0]/C (clocked by sys_clk_pin) and cpu/id_ex_rs2_reg[3]/R (clocked by sys_clk_pin). Large setup violations at the end of those stages might be difficult to fix during the post-placement implementation flow and could be the result of non-optimal XDC constraints or non-optimal design architecture
Related violations: <none>

TIMING-16#241 Warning
Large setup violation  
There is a large setup violation of -6.349 ns between cpu/ex_mem_rd_reg[0]/C (clocked by sys_clk_pin) and cpu/id_ex_pc_reg[13]/R (clocked by sys_clk_pin). Large setup violations at the end of those stages might be difficult to fix during the post-placement implementation flow and could be the result of non-optimal XDC constraints or non-optimal design architecture
Related violations: <none>

TIMING-16#242 Warning
Large setup violation  
There is a large setup violation of -6.350 ns between cpu/ex_mem_rd_reg[0]/C (clocked by sys_clk_pin) and cpu/id_ex_funct3_reg[0]/R (clocked by sys_clk_pin). Large setup violations at the end of those stages might be difficult to fix during the post-placement implementation flow and could be the result of non-optimal XDC constraints or non-optimal design architecture
Related violations: <none>

TIMING-16#243 Warning
Large setup violation  
There is a large setup violation of -6.350 ns between cpu/ex_mem_rd_reg[0]/C (clocked by sys_clk_pin) and cpu/id_ex_funct3_reg[2]/R (clocked by sys_clk_pin). Large setup violations at the end of those stages might be difficult to fix during the post-placement implementation flow and could be the result of non-optimal XDC constraints or non-optimal design architecture
Related violations: <none>

TIMING-16#244 Warning
Large setup violation  
There is a large setup violation of -6.350 ns between cpu/ex_mem_rd_reg[0]/C (clocked by sys_clk_pin) and cpu/id_ex_pc_plus4_reg[11]/R (clocked by sys_clk_pin). Large setup violations at the end of those stages might be difficult to fix during the post-placement implementation flow and could be the result of non-optimal XDC constraints or non-optimal design architecture
Related violations: <none>

TIMING-16#245 Warning
Large setup violation  
There is a large setup violation of -6.350 ns between cpu/ex_mem_rd_reg[0]/C (clocked by sys_clk_pin) and cpu/id_ex_pc_reg[26]/R (clocked by sys_clk_pin). Large setup violations at the end of those stages might be difficult to fix during the post-placement implementation flow and could be the result of non-optimal XDC constraints or non-optimal design architecture
Related violations: <none>

TIMING-16#246 Warning
Large setup violation  
There is a large setup violation of -6.350 ns between cpu/ex_mem_rd_reg[0]/C (clocked by sys_clk_pin) and cpu/id_ex_pc_reg[4]/R (clocked by sys_clk_pin). Large setup violations at the end of those stages might be difficult to fix during the post-placement implementation flow and could be the result of non-optimal XDC constraints or non-optimal design architecture
Related violations: <none>

TIMING-16#247 Warning
Large setup violation  
There is a large setup violation of -6.358 ns between cpu/id_ex_rd_reg[1]/C (clocked by sys_clk_pin) and cpu/id_ex_alu_src1_reg[0]/R (clocked by sys_clk_pin). Large setup violations at the end of those stages might be difficult to fix during the post-placement implementation flow and could be the result of non-optimal XDC constraints or non-optimal design architecture
Related violations: <none>

TIMING-16#248 Warning
Large setup violation  
There is a large setup violation of -6.358 ns between cpu/id_ex_rd_reg[1]/C (clocked by sys_clk_pin) and cpu/id_ex_pc_reg[5]/R (clocked by sys_clk_pin). Large setup violations at the end of those stages might be difficult to fix during the post-placement implementation flow and could be the result of non-optimal XDC constraints or non-optimal design architecture
Related violations: <none>

TIMING-16#249 Warning
Large setup violation  
There is a large setup violation of -6.358 ns between cpu/id_ex_rd_reg[1]/C (clocked by sys_clk_pin) and cpu/id_ex_rd1_reg[1]/R (clocked by sys_clk_pin). Large setup violations at the end of those stages might be difficult to fix during the post-placement implementation flow and could be the result of non-optimal XDC constraints or non-optimal design architecture
Related violations: <none>

TIMING-16#250 Warning
Large setup violation  
There is a large setup violation of -6.358 ns between cpu/id_ex_rd_reg[1]/C (clocked by sys_clk_pin) and cpu/id_ex_rd1_reg[9]/R (clocked by sys_clk_pin). Large setup violations at the end of those stages might be difficult to fix during the post-placement implementation flow and could be the result of non-optimal XDC constraints or non-optimal design architecture
Related violations: <none>

TIMING-16#251 Warning
Large setup violation  
There is a large setup violation of -6.359 ns between cpu/ex_mem_rd_reg[0]/C (clocked by sys_clk_pin) and cpu/id_ex_imm_ext_reg[8]/R (clocked by sys_clk_pin). Large setup violations at the end of those stages might be difficult to fix during the post-placement implementation flow and could be the result of non-optimal XDC constraints or non-optimal design architecture
Related violations: <none>

TIMING-16#252 Warning
Large setup violation  
There is a large setup violation of -6.359 ns between cpu/ex_mem_rd_reg[0]/C (clocked by sys_clk_pin) and cpu/id_ex_pc_plus4_reg[21]/R (clocked by sys_clk_pin). Large setup violations at the end of those stages might be difficult to fix during the post-placement implementation flow and could be the result of non-optimal XDC constraints or non-optimal design architecture
Related violations: <none>

TIMING-16#253 Warning
Large setup violation  
There is a large setup violation of -6.359 ns between cpu/ex_mem_rd_reg[0]/C (clocked by sys_clk_pin) and cpu/id_ex_pc_plus4_reg[27]/R (clocked by sys_clk_pin). Large setup violations at the end of those stages might be difficult to fix during the post-placement implementation flow and could be the result of non-optimal XDC constraints or non-optimal design architecture
Related violations: <none>

TIMING-16#254 Warning
Large setup violation  
There is a large setup violation of -6.359 ns between cpu/ex_mem_rd_reg[0]/C (clocked by sys_clk_pin) and cpu/id_ex_pc_reg[16]/R (clocked by sys_clk_pin). Large setup violations at the end of those stages might be difficult to fix during the post-placement implementation flow and could be the result of non-optimal XDC constraints or non-optimal design architecture
Related violations: <none>

TIMING-16#255 Warning
Large setup violation  
There is a large setup violation of -6.359 ns between cpu/ex_mem_rd_reg[0]/C (clocked by sys_clk_pin) and cpu/id_ex_pc_reg[21]/R (clocked by sys_clk_pin). Large setup violations at the end of those stages might be difficult to fix during the post-placement implementation flow and could be the result of non-optimal XDC constraints or non-optimal design architecture
Related violations: <none>

TIMING-16#256 Warning
Large setup violation  
There is a large setup violation of -6.359 ns between cpu/ex_mem_rd_reg[0]/C (clocked by sys_clk_pin) and cpu/id_ex_rd1_reg[29]/R (clocked by sys_clk_pin). Large setup violations at the end of those stages might be difficult to fix during the post-placement implementation flow and could be the result of non-optimal XDC constraints or non-optimal design architecture
Related violations: <none>

TIMING-16#257 Warning
Large setup violation  
There is a large setup violation of -6.367 ns between cpu/ex_mem_rd_reg[0]/C (clocked by sys_clk_pin) and cpu/id_ex_imm_ext_reg[20]/R (clocked by sys_clk_pin). Large setup violations at the end of those stages might be difficult to fix during the post-placement implementation flow and could be the result of non-optimal XDC constraints or non-optimal design architecture
Related violations: <none>

TIMING-16#258 Warning
Large setup violation  
There is a large setup violation of -6.367 ns between cpu/ex_mem_rd_reg[0]/C (clocked by sys_clk_pin) and cpu/id_ex_rd1_reg[3]/R (clocked by sys_clk_pin). Large setup violations at the end of those stages might be difficult to fix during the post-placement implementation flow and could be the result of non-optimal XDC constraints or non-optimal design architecture
Related violations: <none>

TIMING-16#259 Warning
Large setup violation  
There is a large setup violation of -6.367 ns between cpu/ex_mem_rd_reg[0]/C (clocked by sys_clk_pin) and cpu/id_ex_rd2_reg[6]/R (clocked by sys_clk_pin). Large setup violations at the end of those stages might be difficult to fix during the post-placement implementation flow and could be the result of non-optimal XDC constraints or non-optimal design architecture
Related violations: <none>

TIMING-16#260 Warning
Large setup violation  
There is a large setup violation of -6.384 ns between cpu/ex_mem_rd_reg[0]/C (clocked by sys_clk_pin) and cpu/id_ex_pc_plus4_reg[22]/R (clocked by sys_clk_pin). Large setup violations at the end of those stages might be difficult to fix during the post-placement implementation flow and could be the result of non-optimal XDC constraints or non-optimal design architecture
Related violations: <none>

TIMING-16#261 Warning
Large setup violation  
There is a large setup violation of -6.384 ns between cpu/ex_mem_rd_reg[0]/C (clocked by sys_clk_pin) and cpu/id_ex_pc_plus4_reg[31]/R (clocked by sys_clk_pin). Large setup violations at the end of those stages might be difficult to fix during the post-placement implementation flow and could be the result of non-optimal XDC constraints or non-optimal design architecture
Related violations: <none>

TIMING-16#262 Warning
Large setup violation  
There is a large setup violation of -6.384 ns between cpu/ex_mem_rd_reg[0]/C (clocked by sys_clk_pin) and cpu/id_ex_pc_reg[0]/R (clocked by sys_clk_pin). Large setup violations at the end of those stages might be difficult to fix during the post-placement implementation flow and could be the result of non-optimal XDC constraints or non-optimal design architecture
Related violations: <none>

TIMING-16#263 Warning
Large setup violation  
There is a large setup violation of -6.384 ns between cpu/ex_mem_rd_reg[0]/C (clocked by sys_clk_pin) and cpu/id_ex_rd2_reg[0]/R (clocked by sys_clk_pin). Large setup violations at the end of those stages might be difficult to fix during the post-placement implementation flow and could be the result of non-optimal XDC constraints or non-optimal design architecture
Related violations: <none>

TIMING-16#264 Warning
Large setup violation  
There is a large setup violation of -6.384 ns between cpu/ex_mem_rd_reg[0]/C (clocked by sys_clk_pin) and cpu/id_ex_valid_reg/R (clocked by sys_clk_pin). Large setup violations at the end of those stages might be difficult to fix during the post-placement implementation flow and could be the result of non-optimal XDC constraints or non-optimal design architecture
Related violations: <none>

TIMING-16#265 Warning
Large setup violation  
There is a large setup violation of -6.385 ns between cpu/ex_mem_rd_reg[0]/C (clocked by sys_clk_pin) and cpu/id_ex_imm_ext_reg[14]/R (clocked by sys_clk_pin). Large setup violations at the end of those stages might be difficult to fix during the post-placement implementation flow and could be the result of non-optimal XDC constraints or non-optimal design architecture
Related violations: <none>

TIMING-16#266 Warning
Large setup violation  
There is a large setup violation of -6.385 ns between cpu/ex_mem_rd_reg[0]/C (clocked by sys_clk_pin) and cpu/id_ex_imm_ext_reg[15]/R (clocked by sys_clk_pin). Large setup violations at the end of those stages might be difficult to fix during the post-placement implementation flow and could be the result of non-optimal XDC constraints or non-optimal design architecture
Related violations: <none>

TIMING-16#267 Warning
Large setup violation  
There is a large setup violation of -6.385 ns between cpu/ex_mem_rd_reg[0]/C (clocked by sys_clk_pin) and cpu/id_ex_imm_ext_reg[16]/R (clocked by sys_clk_pin). Large setup violations at the end of those stages might be difficult to fix during the post-placement implementation flow and could be the result of non-optimal XDC constraints or non-optimal design architecture
Related violations: <none>

TIMING-16#268 Warning
Large setup violation  
There is a large setup violation of -6.385 ns between cpu/ex_mem_rd_reg[0]/C (clocked by sys_clk_pin) and cpu/id_ex_imm_ext_reg[17]/R (clocked by sys_clk_pin). Large setup violations at the end of those stages might be difficult to fix during the post-placement implementation flow and could be the result of non-optimal XDC constraints or non-optimal design architecture
Related violations: <none>

TIMING-16#269 Warning
Large setup violation  
There is a large setup violation of -6.385 ns between cpu/ex_mem_rd_reg[0]/C (clocked by sys_clk_pin) and cpu/id_ex_rd1_reg[0]/R (clocked by sys_clk_pin). Large setup violations at the end of those stages might be difficult to fix during the post-placement implementation flow and could be the result of non-optimal XDC constraints or non-optimal design architecture
Related violations: <none>

TIMING-16#270 Warning
Large setup violation  
There is a large setup violation of -6.385 ns between cpu/ex_mem_rd_reg[0]/C (clocked by sys_clk_pin) and cpu/id_ex_rd1_reg[26]/R (clocked by sys_clk_pin). Large setup violations at the end of those stages might be difficult to fix during the post-placement implementation flow and could be the result of non-optimal XDC constraints or non-optimal design architecture
Related violations: <none>

TIMING-16#271 Warning
Large setup violation  
There is a large setup violation of -6.385 ns between cpu/ex_mem_rd_reg[0]/C (clocked by sys_clk_pin) and cpu/id_ex_rd_reg[4]/R (clocked by sys_clk_pin). Large setup violations at the end of those stages might be difficult to fix during the post-placement implementation flow and could be the result of non-optimal XDC constraints or non-optimal design architecture
Related violations: <none>

TIMING-16#272 Warning
Large setup violation  
There is a large setup violation of -6.393 ns between cpu/ex_mem_rd_reg[0]/C (clocked by sys_clk_pin) and cpu/id_ex_pc_reg[14]/R (clocked by sys_clk_pin). Large setup violations at the end of those stages might be difficult to fix during the post-placement implementation flow and could be the result of non-optimal XDC constraints or non-optimal design architecture
Related violations: <none>

TIMING-16#273 Warning
Large setup violation  
There is a large setup violation of -6.393 ns between cpu/ex_mem_rd_reg[0]/C (clocked by sys_clk_pin) and cpu/id_ex_pc_reg[29]/R (clocked by sys_clk_pin). Large setup violations at the end of those stages might be difficult to fix during the post-placement implementation flow and could be the result of non-optimal XDC constraints or non-optimal design architecture
Related violations: <none>

TIMING-16#274 Warning
Large setup violation  
There is a large setup violation of -6.404 ns between cpu/ex_mem_rd_reg[0]/C (clocked by sys_clk_pin) and cpu/id_ex_imm_ext_reg[28]/R (clocked by sys_clk_pin). Large setup violations at the end of those stages might be difficult to fix during the post-placement implementation flow and could be the result of non-optimal XDC constraints or non-optimal design architecture
Related violations: <none>

TIMING-16#275 Warning
Large setup violation  
There is a large setup violation of -6.404 ns between cpu/ex_mem_rd_reg[0]/C (clocked by sys_clk_pin) and cpu/id_ex_rd2_reg[27]/R (clocked by sys_clk_pin). Large setup violations at the end of those stages might be difficult to fix during the post-placement implementation flow and could be the result of non-optimal XDC constraints or non-optimal design architecture
Related violations: <none>

TIMING-16#276 Warning
Large setup violation  
There is a large setup violation of -6.404 ns between cpu/ex_mem_rd_reg[0]/C (clocked by sys_clk_pin) and cpu/id_ex_rd2_reg[30]/R (clocked by sys_clk_pin). Large setup violations at the end of those stages might be difficult to fix during the post-placement implementation flow and could be the result of non-optimal XDC constraints or non-optimal design architecture
Related violations: <none>

TIMING-16#277 Warning
Large setup violation  
There is a large setup violation of -6.410 ns between cpu/ex_mem_rd_reg[0]/C (clocked by sys_clk_pin) and cpu/id_ex_rd2_reg[11]/R (clocked by sys_clk_pin). Large setup violations at the end of those stages might be difficult to fix during the post-placement implementation flow and could be the result of non-optimal XDC constraints or non-optimal design architecture
Related violations: <none>

TIMING-16#278 Warning
Large setup violation  
There is a large setup violation of -6.410 ns between cpu/ex_mem_rd_reg[0]/C (clocked by sys_clk_pin) and cpu/id_ex_rs1_reg[0]/R (clocked by sys_clk_pin). Large setup violations at the end of those stages might be difficult to fix during the post-placement implementation flow and could be the result of non-optimal XDC constraints or non-optimal design architecture
Related violations: <none>

TIMING-16#279 Warning
Large setup violation  
There is a large setup violation of -6.416 ns between cpu/ex_mem_rd_reg[0]/C (clocked by sys_clk_pin) and cpu/id_ex_pc_reg[15]/R (clocked by sys_clk_pin). Large setup violations at the end of those stages might be difficult to fix during the post-placement implementation flow and could be the result of non-optimal XDC constraints or non-optimal design architecture
Related violations: <none>

TIMING-16#280 Warning
Large setup violation  
There is a large setup violation of -6.416 ns between cpu/ex_mem_rd_reg[0]/C (clocked by sys_clk_pin) and cpu/id_ex_pc_reg[18]/R (clocked by sys_clk_pin). Large setup violations at the end of those stages might be difficult to fix during the post-placement implementation flow and could be the result of non-optimal XDC constraints or non-optimal design architecture
Related violations: <none>

TIMING-16#281 Warning
Large setup violation  
There is a large setup violation of -6.416 ns between cpu/ex_mem_rd_reg[0]/C (clocked by sys_clk_pin) and cpu/id_ex_pc_reg[1]/R (clocked by sys_clk_pin). Large setup violations at the end of those stages might be difficult to fix during the post-placement implementation flow and could be the result of non-optimal XDC constraints or non-optimal design architecture
Related violations: <none>

TIMING-16#282 Warning
Large setup violation  
There is a large setup violation of -6.416 ns between cpu/ex_mem_rd_reg[0]/C (clocked by sys_clk_pin) and cpu/id_ex_pc_reg[8]/R (clocked by sys_clk_pin). Large setup violations at the end of those stages might be difficult to fix during the post-placement implementation flow and could be the result of non-optimal XDC constraints or non-optimal design architecture
Related violations: <none>

TIMING-16#283 Warning
Large setup violation  
There is a large setup violation of -6.416 ns between cpu/ex_mem_rd_reg[0]/C (clocked by sys_clk_pin) and cpu/id_ex_rd2_reg[3]/R (clocked by sys_clk_pin). Large setup violations at the end of those stages might be difficult to fix during the post-placement implementation flow and could be the result of non-optimal XDC constraints or non-optimal design architecture
Related violations: <none>

TIMING-16#284 Warning
Large setup violation  
There is a large setup violation of -6.416 ns between cpu/ex_mem_rd_reg[0]/C (clocked by sys_clk_pin) and cpu/id_ex_rd2_reg[5]/R (clocked by sys_clk_pin). Large setup violations at the end of those stages might be difficult to fix during the post-placement implementation flow and could be the result of non-optimal XDC constraints or non-optimal design architecture
Related violations: <none>

TIMING-16#285 Warning
Large setup violation  
There is a large setup violation of -6.416 ns between cpu/ex_mem_rd_reg[0]/C (clocked by sys_clk_pin) and cpu/id_ex_rd2_reg[8]/R (clocked by sys_clk_pin). Large setup violations at the end of those stages might be difficult to fix during the post-placement implementation flow and could be the result of non-optimal XDC constraints or non-optimal design architecture
Related violations: <none>

TIMING-16#286 Warning
Large setup violation  
There is a large setup violation of -6.418 ns between cpu/ex_mem_rd_reg[0]/C (clocked by sys_clk_pin) and cpu/id_ex_pc_plus4_reg[25]/R (clocked by sys_clk_pin). Large setup violations at the end of those stages might be difficult to fix during the post-placement implementation flow and could be the result of non-optimal XDC constraints or non-optimal design architecture
Related violations: <none>

TIMING-16#287 Warning
Large setup violation  
There is a large setup violation of -6.418 ns between cpu/ex_mem_rd_reg[0]/C (clocked by sys_clk_pin) and cpu/id_ex_pc_plus4_reg[30]/R (clocked by sys_clk_pin). Large setup violations at the end of those stages might be difficult to fix during the post-placement implementation flow and could be the result of non-optimal XDC constraints or non-optimal design architecture
Related violations: <none>

TIMING-16#288 Warning
Large setup violation  
There is a large setup violation of -6.418 ns between cpu/ex_mem_rd_reg[0]/C (clocked by sys_clk_pin) and cpu/id_ex_pc_reg[7]/R (clocked by sys_clk_pin). Large setup violations at the end of those stages might be difficult to fix during the post-placement implementation flow and could be the result of non-optimal XDC constraints or non-optimal design architecture
Related violations: <none>

TIMING-16#289 Warning
Large setup violation  
There is a large setup violation of -6.418 ns between cpu/ex_mem_rd_reg[0]/C (clocked by sys_clk_pin) and cpu/id_ex_rd2_reg[9]/R (clocked by sys_clk_pin). Large setup violations at the end of those stages might be difficult to fix during the post-placement implementation flow and could be the result of non-optimal XDC constraints or non-optimal design architecture
Related violations: <none>

TIMING-16#290 Warning
Large setup violation  
There is a large setup violation of -6.418 ns between cpu/ex_mem_rd_reg[0]/C (clocked by sys_clk_pin) and cpu/id_ex_rd_reg[0]/R (clocked by sys_clk_pin). Large setup violations at the end of those stages might be difficult to fix during the post-placement implementation flow and could be the result of non-optimal XDC constraints or non-optimal design architecture
Related violations: <none>

TIMING-16#291 Warning
Large setup violation  
There is a large setup violation of -6.422 ns between cpu/ex_mem_rd_reg[0]/C (clocked by sys_clk_pin) and cpu/id_ex_alu_control_reg[0]/R (clocked by sys_clk_pin). Large setup violations at the end of those stages might be difficult to fix during the post-placement implementation flow and could be the result of non-optimal XDC constraints or non-optimal design architecture
Related violations: <none>

TIMING-16#292 Warning
Large setup violation  
There is a large setup violation of -6.422 ns between cpu/ex_mem_rd_reg[0]/C (clocked by sys_clk_pin) and cpu/id_ex_jump_reg/R (clocked by sys_clk_pin). Large setup violations at the end of those stages might be difficult to fix during the post-placement implementation flow and could be the result of non-optimal XDC constraints or non-optimal design architecture
Related violations: <none>

TIMING-16#293 Warning
Large setup violation  
There is a large setup violation of -6.422 ns between cpu/ex_mem_rd_reg[0]/C (clocked by sys_clk_pin) and cpu/id_ex_pc_reg[3]/R (clocked by sys_clk_pin). Large setup violations at the end of those stages might be difficult to fix during the post-placement implementation flow and could be the result of non-optimal XDC constraints or non-optimal design architecture
Related violations: <none>

TIMING-16#294 Warning
Large setup violation  
There is a large setup violation of -6.422 ns between cpu/ex_mem_rd_reg[0]/C (clocked by sys_clk_pin) and cpu/id_ex_result_src_reg[0]/R (clocked by sys_clk_pin). Large setup violations at the end of those stages might be difficult to fix during the post-placement implementation flow and could be the result of non-optimal XDC constraints or non-optimal design architecture
Related violations: <none>

TIMING-16#295 Warning
Large setup violation  
There is a large setup violation of -6.428 ns between cpu/ex_mem_rd_reg[0]/C (clocked by sys_clk_pin) and cpu/id_ex_rd1_reg[19]/R (clocked by sys_clk_pin). Large setup violations at the end of those stages might be difficult to fix during the post-placement implementation flow and could be the result of non-optimal XDC constraints or non-optimal design architecture
Related violations: <none>

TIMING-16#296 Warning
Large setup violation  
There is a large setup violation of -6.428 ns between cpu/ex_mem_rd_reg[0]/C (clocked by sys_clk_pin) and cpu/id_ex_rd2_reg[26]/R (clocked by sys_clk_pin). Large setup violations at the end of those stages might be difficult to fix during the post-placement implementation flow and could be the result of non-optimal XDC constraints or non-optimal design architecture
Related violations: <none>

TIMING-16#297 Warning
Large setup violation  
There is a large setup violation of -6.431 ns between cpu/ex_mem_rd_reg[0]/C (clocked by sys_clk_pin) and cpu/id_ex_pc_plus4_reg[12]/R (clocked by sys_clk_pin). Large setup violations at the end of those stages might be difficult to fix during the post-placement implementation flow and could be the result of non-optimal XDC constraints or non-optimal design architecture
Related violations: <none>

TIMING-16#298 Warning
Large setup violation  
There is a large setup violation of -6.431 ns between cpu/ex_mem_rd_reg[0]/C (clocked by sys_clk_pin) and cpu/id_ex_pc_plus4_reg[1]/R (clocked by sys_clk_pin). Large setup violations at the end of those stages might be difficult to fix during the post-placement implementation flow and could be the result of non-optimal XDC constraints or non-optimal design architecture
Related violations: <none>

TIMING-16#299 Warning
Large setup violation  
There is a large setup violation of -6.431 ns between cpu/ex_mem_rd_reg[0]/C (clocked by sys_clk_pin) and cpu/id_ex_pc_plus4_reg[2]/R (clocked by sys_clk_pin). Large setup violations at the end of those stages might be difficult to fix during the post-placement implementation flow and could be the result of non-optimal XDC constraints or non-optimal design architecture
Related violations: <none>

TIMING-16#300 Warning
Large setup violation  
There is a large setup violation of -6.431 ns between cpu/ex_mem_rd_reg[0]/C (clocked by sys_clk_pin) and cpu/id_ex_pc_reg[24]/R (clocked by sys_clk_pin). Large setup violations at the end of those stages might be difficult to fix during the post-placement implementation flow and could be the result of non-optimal XDC constraints or non-optimal design architecture
Related violations: <none>

TIMING-16#301 Warning
Large setup violation  
There is a large setup violation of -6.431 ns between cpu/ex_mem_rd_reg[0]/C (clocked by sys_clk_pin) and cpu/id_ex_rd1_reg[12]/R (clocked by sys_clk_pin). Large setup violations at the end of those stages might be difficult to fix during the post-placement implementation flow and could be the result of non-optimal XDC constraints or non-optimal design architecture
Related violations: <none>

TIMING-16#302 Warning
Large setup violation  
There is a large setup violation of -6.431 ns between cpu/ex_mem_rd_reg[0]/C (clocked by sys_clk_pin) and cpu/id_ex_rs1_reg[1]/R (clocked by sys_clk_pin). Large setup violations at the end of those stages might be difficult to fix during the post-placement implementation flow and could be the result of non-optimal XDC constraints or non-optimal design architecture
Related violations: <none>

TIMING-16#303 Warning
Large setup violation  
There is a large setup violation of -6.439 ns between cpu/ex_mem_rd_reg[0]/C (clocked by sys_clk_pin) and cpu/id_ex_rd2_reg[1]/R (clocked by sys_clk_pin). Large setup violations at the end of those stages might be difficult to fix during the post-placement implementation flow and could be the result of non-optimal XDC constraints or non-optimal design architecture
Related violations: <none>

TIMING-16#304 Warning
Large setup violation  
There is a large setup violation of -6.440 ns between cpu/ex_mem_rd_reg[0]/C (clocked by sys_clk_pin) and cpu/id_ex_branch_reg/R (clocked by sys_clk_pin). Large setup violations at the end of those stages might be difficult to fix during the post-placement implementation flow and could be the result of non-optimal XDC constraints or non-optimal design architecture
Related violations: <none>

TIMING-16#305 Warning
Large setup violation  
There is a large setup violation of -6.440 ns between cpu/ex_mem_rd_reg[0]/C (clocked by sys_clk_pin) and cpu/id_ex_pc_reg[20]/R (clocked by sys_clk_pin). Large setup violations at the end of those stages might be difficult to fix during the post-placement implementation flow and could be the result of non-optimal XDC constraints or non-optimal design architecture
Related violations: <none>

TIMING-16#306 Warning
Large setup violation  
There is a large setup violation of -6.441 ns between cpu/ex_mem_rd_reg[0]/C (clocked by sys_clk_pin) and cpu/id_ex_imm_ext_reg[10]/R (clocked by sys_clk_pin). Large setup violations at the end of those stages might be difficult to fix during the post-placement implementation flow and could be the result of non-optimal XDC constraints or non-optimal design architecture
Related violations: <none>

TIMING-16#307 Warning
Large setup violation  
There is a large setup violation of -6.441 ns between cpu/ex_mem_rd_reg[0]/C (clocked by sys_clk_pin) and cpu/id_ex_imm_ext_reg[21]/R (clocked by sys_clk_pin). Large setup violations at the end of those stages might be difficult to fix during the post-placement implementation flow and could be the result of non-optimal XDC constraints or non-optimal design architecture
Related violations: <none>

TIMING-16#308 Warning
Large setup violation  
There is a large setup violation of -6.441 ns between cpu/ex_mem_rd_reg[0]/C (clocked by sys_clk_pin) and cpu/id_ex_imm_ext_reg[23]/R (clocked by sys_clk_pin). Large setup violations at the end of those stages might be difficult to fix during the post-placement implementation flow and could be the result of non-optimal XDC constraints or non-optimal design architecture
Related violations: <none>

TIMING-16#309 Warning
Large setup violation  
There is a large setup violation of -6.441 ns between cpu/ex_mem_rd_reg[0]/C (clocked by sys_clk_pin) and cpu/id_ex_imm_ext_reg[25]/R (clocked by sys_clk_pin). Large setup violations at the end of those stages might be difficult to fix during the post-placement implementation flow and could be the result of non-optimal XDC constraints or non-optimal design architecture
Related violations: <none>

TIMING-16#310 Warning
Large setup violation  
There is a large setup violation of -6.441 ns between cpu/ex_mem_rd_reg[0]/C (clocked by sys_clk_pin) and cpu/id_ex_rd2_reg[20]/R (clocked by sys_clk_pin). Large setup violations at the end of those stages might be difficult to fix during the post-placement implementation flow and could be the result of non-optimal XDC constraints or non-optimal design architecture
Related violations: <none>

TIMING-16#311 Warning
Large setup violation  
There is a large setup violation of -6.446 ns between cpu/id_ex_rd_reg[1]/C (clocked by sys_clk_pin) and cpu/id_ex_pc_plus4_reg[20]/R (clocked by sys_clk_pin). Large setup violations at the end of those stages might be difficult to fix during the post-placement implementation flow and could be the result of non-optimal XDC constraints or non-optimal design architecture
Related violations: <none>

TIMING-16#312 Warning
Large setup violation  
There is a large setup violation of -6.446 ns between cpu/id_ex_rd_reg[1]/C (clocked by sys_clk_pin) and cpu/id_ex_rd1_reg[11]/R (clocked by sys_clk_pin). Large setup violations at the end of those stages might be difficult to fix during the post-placement implementation flow and could be the result of non-optimal XDC constraints or non-optimal design architecture
Related violations: <none>

TIMING-16#313 Warning
Large setup violation  
There is a large setup violation of -6.446 ns between cpu/id_ex_rd_reg[1]/C (clocked by sys_clk_pin) and cpu/id_ex_rd1_reg[5]/R (clocked by sys_clk_pin). Large setup violations at the end of those stages might be difficult to fix during the post-placement implementation flow and could be the result of non-optimal XDC constraints or non-optimal design architecture
Related violations: <none>

TIMING-16#314 Warning
Large setup violation  
There is a large setup violation of -6.452 ns between cpu/ex_mem_rd_reg[0]/C (clocked by sys_clk_pin) and cpu/id_ex_rd2_reg[14]/R (clocked by sys_clk_pin). Large setup violations at the end of those stages might be difficult to fix during the post-placement implementation flow and could be the result of non-optimal XDC constraints or non-optimal design architecture
Related violations: <none>

TIMING-16#315 Warning
Large setup violation  
There is a large setup violation of -6.452 ns between cpu/ex_mem_rd_reg[0]/C (clocked by sys_clk_pin) and cpu/id_ex_rd2_reg[18]/R (clocked by sys_clk_pin). Large setup violations at the end of those stages might be difficult to fix during the post-placement implementation flow and could be the result of non-optimal XDC constraints or non-optimal design architecture
Related violations: <none>

TIMING-16#316 Warning
Large setup violation  
There is a large setup violation of -6.458 ns between cpu/ex_mem_rd_reg[0]/C (clocked by sys_clk_pin) and cpu/id_ex_imm_ext_reg[11]/R (clocked by sys_clk_pin). Large setup violations at the end of those stages might be difficult to fix during the post-placement implementation flow and could be the result of non-optimal XDC constraints or non-optimal design architecture
Related violations: <none>

TIMING-16#317 Warning
Large setup violation  
There is a large setup violation of -6.458 ns between cpu/ex_mem_rd_reg[0]/C (clocked by sys_clk_pin) and cpu/id_ex_pc_reg[11]/R (clocked by sys_clk_pin). Large setup violations at the end of those stages might be difficult to fix during the post-placement implementation flow and could be the result of non-optimal XDC constraints or non-optimal design architecture
Related violations: <none>

TIMING-16#318 Warning
Large setup violation  
There is a large setup violation of -6.458 ns between cpu/ex_mem_rd_reg[0]/C (clocked by sys_clk_pin) and cpu/id_ex_pc_reg[9]/R (clocked by sys_clk_pin). Large setup violations at the end of those stages might be difficult to fix during the post-placement implementation flow and could be the result of non-optimal XDC constraints or non-optimal design architecture
Related violations: <none>

TIMING-16#319 Warning
Large setup violation  
There is a large setup violation of -6.458 ns between cpu/ex_mem_rd_reg[0]/C (clocked by sys_clk_pin) and cpu/id_ex_rd2_reg[2]/R (clocked by sys_clk_pin). Large setup violations at the end of those stages might be difficult to fix during the post-placement implementation flow and could be the result of non-optimal XDC constraints or non-optimal design architecture
Related violations: <none>

TIMING-16#320 Warning
Large setup violation  
There is a large setup violation of -6.458 ns between cpu/id_ex_rd_reg[1]/C (clocked by sys_clk_pin) and cpu/id_ex_jalr_reg/R (clocked by sys_clk_pin). Large setup violations at the end of those stages might be difficult to fix during the post-placement implementation flow and could be the result of non-optimal XDC constraints or non-optimal design architecture
Related violations: <none>

TIMING-16#321 Warning
Large setup violation  
There is a large setup violation of -6.458 ns between cpu/id_ex_rd_reg[1]/C (clocked by sys_clk_pin) and cpu/id_ex_mem_write_reg/R (clocked by sys_clk_pin). Large setup violations at the end of those stages might be difficult to fix during the post-placement implementation flow and could be the result of non-optimal XDC constraints or non-optimal design architecture
Related violations: <none>

TIMING-16#322 Warning
Large setup violation  
There is a large setup violation of -6.458 ns between cpu/id_ex_rd_reg[1]/C (clocked by sys_clk_pin) and cpu/id_ex_rd1_reg[10]/R (clocked by sys_clk_pin). Large setup violations at the end of those stages might be difficult to fix during the post-placement implementation flow and could be the result of non-optimal XDC constraints or non-optimal design architecture
Related violations: <none>

TIMING-16#323 Warning
Large setup violation  
There is a large setup violation of -6.487 ns between cpu/ex_mem_rd_reg[0]/C (clocked by sys_clk_pin) and cpu/id_ex_alu_control_reg[2]/R (clocked by sys_clk_pin). Large setup violations at the end of those stages might be difficult to fix during the post-placement implementation flow and could be the result of non-optimal XDC constraints or non-optimal design architecture
Related violations: <none>

TIMING-16#324 Warning
Large setup violation  
There is a large setup violation of -6.487 ns between cpu/ex_mem_rd_reg[0]/C (clocked by sys_clk_pin) and cpu/id_ex_imm_ext_reg[2]/R (clocked by sys_clk_pin). Large setup violations at the end of those stages might be difficult to fix during the post-placement implementation flow and could be the result of non-optimal XDC constraints or non-optimal design architecture
Related violations: <none>

TIMING-16#325 Warning
Large setup violation  
There is a large setup violation of -6.487 ns between cpu/ex_mem_rd_reg[0]/C (clocked by sys_clk_pin) and cpu/id_ex_rd1_reg[24]/R (clocked by sys_clk_pin). Large setup violations at the end of those stages might be difficult to fix during the post-placement implementation flow and could be the result of non-optimal XDC constraints or non-optimal design architecture
Related violations: <none>

TIMING-16#326 Warning
Large setup violation  
There is a large setup violation of -6.487 ns between cpu/ex_mem_rd_reg[0]/C (clocked by sys_clk_pin) and cpu/id_ex_rd2_reg[22]/R (clocked by sys_clk_pin). Large setup violations at the end of those stages might be difficult to fix during the post-placement implementation flow and could be the result of non-optimal XDC constraints or non-optimal design architecture
Related violations: <none>

TIMING-16#327 Warning
Large setup violation  
There is a large setup violation of -6.487 ns between cpu/ex_mem_rd_reg[0]/C (clocked by sys_clk_pin) and cpu/id_ex_rd2_reg[24]/R (clocked by sys_clk_pin). Large setup violations at the end of those stages might be difficult to fix during the post-placement implementation flow and could be the result of non-optimal XDC constraints or non-optimal design architecture
Related violations: <none>

TIMING-16#328 Warning
Large setup violation  
There is a large setup violation of -6.487 ns between cpu/ex_mem_rd_reg[0]/C (clocked by sys_clk_pin) and cpu/id_ex_rd_reg[2]/R (clocked by sys_clk_pin). Large setup violations at the end of those stages might be difficult to fix during the post-placement implementation flow and could be the result of non-optimal XDC constraints or non-optimal design architecture
Related violations: <none>

TIMING-16#329 Warning
Large setup violation  
There is a large setup violation of -6.499 ns between cpu/ex_mem_rd_reg[0]/C (clocked by sys_clk_pin) and cpu/id_ex_rd1_reg[21]/R (clocked by sys_clk_pin). Large setup violations at the end of those stages might be difficult to fix during the post-placement implementation flow and could be the result of non-optimal XDC constraints or non-optimal design architecture
Related violations: <none>

TIMING-16#330 Warning
Large setup violation  
There is a large setup violation of -6.499 ns between cpu/ex_mem_rd_reg[0]/C (clocked by sys_clk_pin) and cpu/id_ex_rd1_reg[22]/R (clocked by sys_clk_pin). Large setup violations at the end of those stages might be difficult to fix during the post-placement implementation flow and could be the result of non-optimal XDC constraints or non-optimal design architecture
Related violations: <none>

TIMING-16#331 Warning
Large setup violation  
There is a large setup violation of -6.499 ns between cpu/ex_mem_rd_reg[0]/C (clocked by sys_clk_pin) and cpu/id_ex_rd2_reg[15]/R (clocked by sys_clk_pin). Large setup violations at the end of those stages might be difficult to fix during the post-placement implementation flow and could be the result of non-optimal XDC constraints or non-optimal design architecture
Related violations: <none>

TIMING-16#332 Warning
Large setup violation  
There is a large setup violation of -6.511 ns between cpu/ex_mem_rd_reg[0]/C (clocked by sys_clk_pin) and cpu/id_ex_imm_ext_reg[3]/R (clocked by sys_clk_pin). Large setup violations at the end of those stages might be difficult to fix during the post-placement implementation flow and could be the result of non-optimal XDC constraints or non-optimal design architecture
Related violations: <none>

TIMING-16#333 Warning
Large setup violation  
There is a large setup violation of -6.511 ns between cpu/ex_mem_rd_reg[0]/C (clocked by sys_clk_pin) and cpu/id_ex_pc_plus4_reg[4]/R (clocked by sys_clk_pin). Large setup violations at the end of those stages might be difficult to fix during the post-placement implementation flow and could be the result of non-optimal XDC constraints or non-optimal design architecture
Related violations: <none>

TIMING-16#334 Warning
Large setup violation  
There is a large setup violation of -6.511 ns between cpu/ex_mem_rd_reg[0]/C (clocked by sys_clk_pin) and cpu/id_ex_pc_reg[12]/R (clocked by sys_clk_pin). Large setup violations at the end of those stages might be difficult to fix during the post-placement implementation flow and could be the result of non-optimal XDC constraints or non-optimal design architecture
Related violations: <none>

TIMING-16#335 Warning
Large setup violation  
There is a large setup violation of -6.511 ns between cpu/ex_mem_rd_reg[0]/C (clocked by sys_clk_pin) and cpu/id_ex_pc_reg[6]/R (clocked by sys_clk_pin). Large setup violations at the end of those stages might be difficult to fix during the post-placement implementation flow and could be the result of non-optimal XDC constraints or non-optimal design architecture
Related violations: <none>

TIMING-16#336 Warning
Large setup violation  
There is a large setup violation of -6.511 ns between cpu/ex_mem_rd_reg[0]/C (clocked by sys_clk_pin) and cpu/id_ex_rd2_reg[7]/R (clocked by sys_clk_pin). Large setup violations at the end of those stages might be difficult to fix during the post-placement implementation flow and could be the result of non-optimal XDC constraints or non-optimal design architecture
Related violations: <none>

TIMING-16#337 Warning
Large setup violation  
There is a large setup violation of -6.534 ns between cpu/ex_mem_rd_reg[0]/C (clocked by sys_clk_pin) and cpu/id_ex_pc_plus4_reg[9]/R (clocked by sys_clk_pin). Large setup violations at the end of those stages might be difficult to fix during the post-placement implementation flow and could be the result of non-optimal XDC constraints or non-optimal design architecture
Related violations: <none>

TIMING-16#338 Warning
Large setup violation  
There is a large setup violation of -6.534 ns between cpu/ex_mem_rd_reg[0]/C (clocked by sys_clk_pin) and cpu/id_ex_pc_reg[17]/R (clocked by sys_clk_pin). Large setup violations at the end of those stages might be difficult to fix during the post-placement implementation flow and could be the result of non-optimal XDC constraints or non-optimal design architecture
Related violations: <none>

TIMING-16#339 Warning
Large setup violation  
There is a large setup violation of -6.534 ns between cpu/ex_mem_rd_reg[0]/C (clocked by sys_clk_pin) and cpu/id_ex_rs2_reg[1]/R (clocked by sys_clk_pin). Large setup violations at the end of those stages might be difficult to fix during the post-placement implementation flow and could be the result of non-optimal XDC constraints or non-optimal design architecture
Related violations: <none>

TIMING-18#1 Warning
Missing input or output delay  
An input delay is missing on btn_reset relative to clock(s) sys_clk_pin
Related violations: <none>

TIMING-18#2 Warning
Missing input or output delay  
An input delay is missing on uart_rx_pin relative to clock(s) sys_clk_pin
Related violations: <none>

TIMING-18#3 Warning
Missing input or output delay  
An output delay is missing on gpio[0] relative to clock(s) sys_clk_pin
Related violations: <none>

TIMING-18#4 Warning
Missing input or output delay  
An output delay is missing on gpio[1] relative to clock(s) sys_clk_pin
Related violations: <none>

TIMING-18#5 Warning
Missing input or output delay  
An output delay is missing on gpio[2] relative to clock(s) sys_clk_pin
Related violations: <none>

TIMING-18#6 Warning
Missing input or output delay  
An output delay is missing on gpio[3] relative to clock(s) sys_clk_pin
Related violations: <none>

TIMING-18#7 Warning
Missing input or output delay  
An output delay is missing on gpio[4] relative to clock(s) sys_clk_pin
Related violations: <none>

TIMING-18#8 Warning
Missing input or output delay  
An output delay is missing on led[0] relative to clock(s) sys_clk_pin
Related violations: <none>

TIMING-18#9 Warning
Missing input or output delay  
An output delay is missing on led[1] relative to clock(s) sys_clk_pin
Related violations: <none>

TIMING-18#10 Warning
Missing input or output delay  
An output delay is missing on led[2] relative to clock(s) sys_clk_pin
Related violations: <none>

TIMING-18#11 Warning
Missing input or output delay  
An output delay is missing on led[3] relative to clock(s) sys_clk_pin
Related violations: <none>

TIMING-18#12 Warning
Missing input or output delay  
An output delay is missing on uart_tx_pin relative to clock(s) sys_clk_pin
Related violations: <none>


