Copyright 1986-2019 Xilinx, Inc. All Rights Reserved.
-----------------------------------------------------------------------------------------------------------------------------------------------------------------------------------------------
| Tool Version : Vivado v.2019.1 (lin64) Build 2552052 Fri May 24 14:47:09 MDT 2019
| Date         : Sat May  9 17:05:09 2026
| Host         : archlinux running 64-bit Arch Linux
| Command      : report_timing_summary -max_paths 10 -file zybo_top_timing_summary_routed.rpt -pb zybo_top_timing_summary_routed.pb -rpx zybo_top_timing_summary_routed.rpx -warn_on_violation
| Design       : zybo_top
| Device       : 7z010-clg400
| Speed File   : -1  PRODUCTION 1.11 2014-09-11
-----------------------------------------------------------------------------------------------------------------------------------------------------------------------------------------------

Timing Summary Report

------------------------------------------------------------------------------------------------
| Timer Settings
| --------------
------------------------------------------------------------------------------------------------

  Enable Multi Corner Analysis               :  Yes
  Enable Pessimism Removal                   :  Yes
  Pessimism Removal Resolution               :  Nearest Common Node
  Enable Input Delay Default Clock           :  No
  Enable Preset / Clear Arcs                 :  No
  Disable Flight Delays                      :  No
  Ignore I/O Paths                           :  No
  Timing Early Launch at Borrowing Latches   :  No
  Borrow Time for Max Delay Exceptions       :  Yes

  Corner  Analyze    Analyze    
  Name    Max Paths  Min Paths  
  ------  ---------  ---------  
  Slow    Yes        Yes        
  Fast    Yes        Yes        



check_timing report

Table of Contents
-----------------
1. checking no_clock
2. checking constant_clock
3. checking pulse_width_clock
4. checking unconstrained_internal_endpoints
5. checking no_input_delay
6. checking no_output_delay
7. checking multiple_clock
8. checking generated_clocks
9. checking loops
10. checking partial_input_delay
11. checking partial_output_delay
12. checking latch_loops

1. checking no_clock
--------------------
 There are 0 register/latch pins with no clock.


2. checking constant_clock
--------------------------
 There are 0 register/latch pins with constant_clock.


3. checking pulse_width_clock
-----------------------------
 There are 0 register/latch pins which need pulse_width check


4. checking unconstrained_internal_endpoints
--------------------------------------------
 There are 0 pins that are not constrained for maximum delay.

 There are 0 pins that are not constrained for maximum delay due to constant clock.


5. checking no_input_delay
--------------------------
 There is 1 input port with no input delay specified. (HIGH)

 There are 0 input ports with no input delay but user has a false path constraint.


6. checking no_output_delay
---------------------------
 There are 9 ports with no output delay specified. (HIGH)

 There are 0 ports with no output delay but user has a false path constraint

 There are 0 ports with no output delay but with a timing clock defined on it or propagating through it


7. checking multiple_clock
--------------------------
 There are 0 register/latch pins with multiple clocks.


8. checking generated_clocks
----------------------------
 There are 0 generated clocks that are not connected to a clock source.


9. checking loops
-----------------
 There are 0 combinational loops in the design.


10. checking partial_input_delay
--------------------------------
 There are 0 input ports with partial input delay specified.


11. checking partial_output_delay
---------------------------------
 There are 0 ports with partial output delay specified.


12. checking latch_loops
------------------------
 There are 0 combinational latch loops in the design through latch input



------------------------------------------------------------------------------------------------
| Design Timing Summary
| ---------------------
------------------------------------------------------------------------------------------------

    WNS(ns)      TNS(ns)  TNS Failing Endpoints  TNS Total Endpoints      WHS(ns)      THS(ns)  THS Failing Endpoints  THS Total Endpoints     WPWS(ns)     TPWS(ns)  TPWS Failing Endpoints  TPWS Total Endpoints  
    -------      -------  ---------------------  -------------------      -------      -------  ---------------------  -------------------     --------     --------  ----------------------  --------------------  
     -6.242    -1833.271                    331                 2223        0.067        0.000                      0                 2223        2.750        0.000                       0                   709  


Timing constraints are not met.


------------------------------------------------------------------------------------------------
| Clock Summary
| -------------
------------------------------------------------------------------------------------------------

Clock        Waveform(ns)         Period(ns)      Frequency(MHz)
-----        ------------         ----------      --------------
sys_clk_pin  {0.000 4.000}        8.000           125.000         


------------------------------------------------------------------------------------------------
| Intra Clock Table
| -----------------
------------------------------------------------------------------------------------------------

Clock             WNS(ns)      TNS(ns)  TNS Failing Endpoints  TNS Total Endpoints      WHS(ns)      THS(ns)  THS Failing Endpoints  THS Total Endpoints     WPWS(ns)     TPWS(ns)  TPWS Failing Endpoints  TPWS Total Endpoints  
-----             -------      -------  ---------------------  -------------------      -------      -------  ---------------------  -------------------     --------     --------  ----------------------  --------------------  
sys_clk_pin        -6.242    -1833.271                    331                 2223        0.067        0.000                      0                 2223        2.750        0.000                       0                   709  


------------------------------------------------------------------------------------------------
| Inter Clock Table
| -----------------
------------------------------------------------------------------------------------------------

From Clock    To Clock          WNS(ns)      TNS(ns)  TNS Failing Endpoints  TNS Total Endpoints      WHS(ns)      THS(ns)  THS Failing Endpoints  THS Total Endpoints  
----------    --------          -------      -------  ---------------------  -------------------      -------      -------  ---------------------  -------------------  


------------------------------------------------------------------------------------------------
| Other Path Groups Table
| -----------------------
------------------------------------------------------------------------------------------------

Path Group    From Clock    To Clock          WNS(ns)      TNS(ns)  TNS Failing Endpoints  TNS Total Endpoints      WHS(ns)      THS(ns)  THS Failing Endpoints  THS Total Endpoints  
----------    ----------    --------          -------      -------  ---------------------  -------------------      -------      -------  ---------------------  -------------------  


------------------------------------------------------------------------------------------------
| Timing Details
| --------------
------------------------------------------------------------------------------------------------


---------------------------------------------------------------------------------------------------
From Clock:  sys_clk_pin
  To Clock:  sys_clk_pin

Setup :          331  Failing Endpoints,  Worst Slack       -6.242ns,  Total Violation    -1833.271ns
Hold  :            0  Failing Endpoints,  Worst Slack        0.067ns,  Total Violation        0.000ns
PW    :            0  Failing Endpoints,  Worst Slack        2.750ns,  Total Violation        0.000ns
---------------------------------------------------------------------------------------------------


Max Delay Paths
--------------------------------------------------------------------------------------
Slack (VIOLATED) :        -6.242ns  (required time - arrival time)
  Source:                 cpu/ex_mem_rd_reg[0]/C
                            (rising edge-triggered cell FDRE clocked by sys_clk_pin  {rise@0.000ns fall@4.000ns period=8.000ns})
  Destination:            cpu/id_ex_rd1_reg[1]/R
                            (rising edge-triggered cell FDRE clocked by sys_clk_pin  {rise@0.000ns fall@4.000ns period=8.000ns})
  Path Group:             sys_clk_pin
  Path Type:              Setup (Max at Slow Process Corner)
  Requirement:            8.000ns  (sys_clk_pin rise@8.000ns - sys_clk_pin rise@0.000ns)
  Data Path Delay:        13.556ns  (logic 2.068ns (15.255%)  route 11.488ns (84.744%))
  Logic Levels:           13  (LUT3=1 LUT4=2 LUT5=2 LUT6=8)
  Clock Path Skew:        -0.127ns (DCD - SCD + CPR)
    Destination Clock Delay (DCD):    4.871ns = ( 12.871 - 8.000 ) 
    Source Clock Delay      (SCD):    5.389ns
    Clock Pessimism Removal (CPR):    0.391ns
  Clock Uncertainty:      0.035ns  ((TSJ^2 + TIJ^2)^1/2 + DJ) / 2 + PE
    Total System Jitter     (TSJ):    0.071ns
    Total Input Jitter      (TIJ):    0.000ns
    Discrete Jitter          (DJ):    0.000ns
    Phase Error              (PE):    0.000ns

    Location             Delay type                Incr(ns)  Path(ns)    Netlist Resource(s)
  -------------------------------------------------------------------    -------------------
                         (clock sys_clk_pin rise edge)
                                                      0.000     0.000 r  
    L16                                               0.000     0.000 r  clk (IN)
                         net (fo=0)                   0.000     0.000    clk
    L16                  IBUF (Prop_ibuf_I_O)         1.491     1.491 r  clk_IBUF_inst/O
                         net (fo=1, routed)           2.076     3.567    clk_IBUF
    BUFGCTRL_X0Y16       BUFG (Prop_bufg_I_O)         0.101     3.668 r  clk_IBUF_BUFG_inst/O
                         net (fo=708, routed)         1.721     5.389    cpu/clk_IBUF_BUFG
    SLICE_X39Y77         FDRE                                         r  cpu/ex_mem_rd_reg[0]/C
  -------------------------------------------------------------------    -------------------
    SLICE_X39Y77         FDRE (Prop_fdre_C_Q)         0.456     5.845 f  cpu/ex_mem_rd_reg[0]/Q
                         net (fo=5, routed)           0.833     6.679    cpu/pc_unit/i__carry__3_i_9_0[0]
    SLICE_X36Y77         LUT5 (Prop_lut5_I1_O)        0.124     6.803 f  cpu/pc_unit/ex_mem_rd2[31]_i_8/O
                         net (fo=6, routed)           0.823     7.626    cpu/pc_unit/ex_mem_rd2[31]_i_8_n_0
    SLICE_X39Y76         LUT6 (Prop_lut6_I3_O)        0.124     7.750 r  cpu/pc_unit/ex_mem_rd2[31]_i_5/O
                         net (fo=32, routed)          0.737     8.487    cpu/pc_unit/ex_mem_rd2[31]_i_5_n_0
    SLICE_X39Y75         LUT6 (Prop_lut6_I4_O)        0.124     8.611 r  cpu/pc_unit/ex_mem_rd2[1]_i_1/O
                         net (fo=3, routed)           0.717     9.328    cpu/pc_unit/id_ex_rd2_reg[31][1]
    SLICE_X35Y74         LUT3 (Prop_lut3_I2_O)        0.124     9.452 r  cpu/pc_unit/i__carry_i_15/O
                         net (fo=126, routed)         1.383    10.836    cpu/pc_unit/ex_srcB_mux__87[0]
    SLICE_X27Y76         LUT5 (Prop_lut5_I2_O)        0.124    10.960 f  cpu/pc_unit/ex_mem_alu_result[31]_i_30/O
                         net (fo=22, routed)          0.888    11.848    cpu/pc_unit/ex_mem_alu_result[31]_i_30_n_0
    SLICE_X25Y75         LUT6 (Prop_lut6_I3_O)        0.124    11.972 f  cpu/pc_unit/ex_mem_alu_result[20]_i_14/O
                         net (fo=5, routed)           1.180    13.152    cpu/pc_unit/ex_mem_alu_result[20]_i_14_n_0
    SLICE_X25Y82         LUT4 (Prop_lut4_I1_O)        0.124    13.276 f  cpu/pc_unit/ex_mem_alu_result[19]_i_10/O
                         net (fo=2, routed)           0.486    13.762    cpu/pc_unit/ex_mem_alu_result[19]_i_10_n_0
    SLICE_X24Y81         LUT6 (Prop_lut6_I3_O)        0.124    13.886 f  cpu/pc_unit/ex_mem_alu_result[19]_i_4/O
                         net (fo=1, routed)           0.641    14.527    cpu/alu_unit/ex_mem_alu_result_reg[19]_0
    SLICE_X25Y80         LUT6 (Prop_lut6_I3_O)        0.124    14.651 f  cpu/alu_unit/ex_mem_alu_result[19]_i_1/O
                         net (fo=3, routed)           1.084    15.735    cpu/alu_unit/id_ex_alu_control_reg[2][18]
    SLICE_X31Y79         LUT6 (Prop_lut6_I5_O)        0.124    15.859 r  cpu/alu_unit/if_id_instr[30]_i_11/O
                         net (fo=1, routed)           0.801    16.660    cpu/alu_unit/if_id_instr[30]_i_11_n_0
    SLICE_X33Y80         LUT6 (Prop_lut6_I0_O)        0.124    16.784 r  cpu/alu_unit/if_id_instr[30]_i_6/O
                         net (fo=1, routed)           0.495    17.279    cpu/alu_unit/if_id_instr[30]_i_6_n_0
    SLICE_X33Y87         LUT6 (Prop_lut6_I0_O)        0.124    17.403 r  cpu/alu_unit/if_id_instr[30]_i_4/O
                         net (fo=34, routed)          0.499    17.902    cpu/alu_unit/pc_next2__1
    SLICE_X33Y86         LUT4 (Prop_lut4_I0_O)        0.124    18.026 r  cpu/alu_unit/id_ex_imm_ext[31]_i_1/O
                         net (fo=181, routed)         0.919    18.945    cpu/id_ex_reg_write0
    SLICE_X30Y84         FDRE                                         r  cpu/id_ex_rd1_reg[1]/R
  -------------------------------------------------------------------    -------------------

                         (clock sys_clk_pin rise edge)
                                                      8.000     8.000 r  
    L16                                               0.000     8.000 r  clk (IN)
                         net (fo=0)                   0.000     8.000    clk
    L16                  IBUF (Prop_ibuf_I_O)         1.421     9.421 r  clk_IBUF_inst/O
                         net (fo=1, routed)           1.880    11.301    clk_IBUF
    BUFGCTRL_X0Y16       BUFG (Prop_bufg_I_O)         0.091    11.392 r  clk_IBUF_BUFG_inst/O
                         net (fo=708, routed)         1.480    12.871    cpu/clk_IBUF_BUFG
    SLICE_X30Y84         FDRE                                         r  cpu/id_ex_rd1_reg[1]/C
                         clock pessimism              0.391    13.262    
                         clock uncertainty           -0.035    13.227    
    SLICE_X30Y84         FDRE (Setup_fdre_C_R)       -0.524    12.703    cpu/id_ex_rd1_reg[1]
  -------------------------------------------------------------------
                         required time                         12.703    
                         arrival time                         -18.945    
  -------------------------------------------------------------------
                         slack                                 -6.242    

Slack (VIOLATED) :        -6.231ns  (required time - arrival time)
  Source:                 cpu/ex_mem_rd_reg[0]/C
                            (rising edge-triggered cell FDRE clocked by sys_clk_pin  {rise@0.000ns fall@4.000ns period=8.000ns})
  Destination:            cpu/id_ex_rd1_reg[25]/R
                            (rising edge-triggered cell FDRE clocked by sys_clk_pin  {rise@0.000ns fall@4.000ns period=8.000ns})
  Path Group:             sys_clk_pin
  Path Type:              Setup (Max at Slow Process Corner)
  Requirement:            8.000ns  (sys_clk_pin rise@8.000ns - sys_clk_pin rise@0.000ns)
  Data Path Delay:        13.638ns  (logic 2.068ns (15.163%)  route 11.570ns (84.837%))
  Logic Levels:           13  (LUT3=1 LUT4=2 LUT5=2 LUT6=8)
  Clock Path Skew:        -0.128ns (DCD - SCD + CPR)
    Destination Clock Delay (DCD):    4.870ns = ( 12.870 - 8.000 ) 
    Source Clock Delay      (SCD):    5.389ns
    Clock Pessimism Removal (CPR):    0.391ns
  Clock Uncertainty:      0.035ns  ((TSJ^2 + TIJ^2)^1/2 + DJ) / 2 + PE
    Total System Jitter     (TSJ):    0.071ns
    Total Input Jitter      (TIJ):    0.000ns
    Discrete Jitter          (DJ):    0.000ns
    Phase Error              (PE):    0.000ns

    Location             Delay type                Incr(ns)  Path(ns)    Netlist Resource(s)
  -------------------------------------------------------------------    -------------------
                         (clock sys_clk_pin rise edge)
                                                      0.000     0.000 r  
    L16                                               0.000     0.000 r  clk (IN)
                         net (fo=0)                   0.000     0.000    clk
    L16                  IBUF (Prop_ibuf_I_O)         1.491     1.491 r  clk_IBUF_inst/O
                         net (fo=1, routed)           2.076     3.567    clk_IBUF
    BUFGCTRL_X0Y16       BUFG (Prop_bufg_I_O)         0.101     3.668 r  clk_IBUF_BUFG_inst/O
                         net (fo=708, routed)         1.721     5.389    cpu/clk_IBUF_BUFG
    SLICE_X39Y77         FDRE                                         r  cpu/ex_mem_rd_reg[0]/C
  -------------------------------------------------------------------    -------------------
    SLICE_X39Y77         FDRE (Prop_fdre_C_Q)         0.456     5.845 f  cpu/ex_mem_rd_reg[0]/Q
                         net (fo=5, routed)           0.833     6.679    cpu/pc_unit/i__carry__3_i_9_0[0]
    SLICE_X36Y77         LUT5 (Prop_lut5_I1_O)        0.124     6.803 f  cpu/pc_unit/ex_mem_rd2[31]_i_8/O
                         net (fo=6, routed)           0.823     7.626    cpu/pc_unit/ex_mem_rd2[31]_i_8_n_0
    SLICE_X39Y76         LUT6 (Prop_lut6_I3_O)        0.124     7.750 r  cpu/pc_unit/ex_mem_rd2[31]_i_5/O
                         net (fo=32, routed)          0.737     8.487    cpu/pc_unit/ex_mem_rd2[31]_i_5_n_0
    SLICE_X39Y75         LUT6 (Prop_lut6_I4_O)        0.124     8.611 r  cpu/pc_unit/ex_mem_rd2[1]_i_1/O
                         net (fo=3, routed)           0.717     9.328    cpu/pc_unit/id_ex_rd2_reg[31][1]
    SLICE_X35Y74         LUT3 (Prop_lut3_I2_O)        0.124     9.452 r  cpu/pc_unit/i__carry_i_15/O
                         net (fo=126, routed)         1.383    10.836    cpu/pc_unit/ex_srcB_mux__87[0]
    SLICE_X27Y76         LUT5 (Prop_lut5_I2_O)        0.124    10.960 f  cpu/pc_unit/ex_mem_alu_result[31]_i_30/O
                         net (fo=22, routed)          0.888    11.848    cpu/pc_unit/ex_mem_alu_result[31]_i_30_n_0
    SLICE_X25Y75         LUT6 (Prop_lut6_I3_O)        0.124    11.972 f  cpu/pc_unit/ex_mem_alu_result[20]_i_14/O
                         net (fo=5, routed)           1.180    13.152    cpu/pc_unit/ex_mem_alu_result[20]_i_14_n_0
    SLICE_X25Y82         LUT4 (Prop_lut4_I1_O)        0.124    13.276 f  cpu/pc_unit/ex_mem_alu_result[19]_i_10/O
                         net (fo=2, routed)           0.486    13.762    cpu/pc_unit/ex_mem_alu_result[19]_i_10_n_0
    SLICE_X24Y81         LUT6 (Prop_lut6_I3_O)        0.124    13.886 f  cpu/pc_unit/ex_mem_alu_result[19]_i_4/O
                         net (fo=1, routed)           0.641    14.527    cpu/alu_unit/ex_mem_alu_result_reg[19]_0
    SLICE_X25Y80         LUT6 (Prop_lut6_I3_O)        0.124    14.651 f  cpu/alu_unit/ex_mem_alu_result[19]_i_1/O
                         net (fo=3, routed)           1.084    15.735    cpu/alu_unit/id_ex_alu_control_reg[2][18]
    SLICE_X31Y79         LUT6 (Prop_lut6_I5_O)        0.124    15.859 r  cpu/alu_unit/if_id_instr[30]_i_11/O
                         net (fo=1, routed)           0.801    16.660    cpu/alu_unit/if_id_instr[30]_i_11_n_0
    SLICE_X33Y80         LUT6 (Prop_lut6_I0_O)        0.124    16.784 r  cpu/alu_unit/if_id_instr[30]_i_6/O
                         net (fo=1, routed)           0.495    17.279    cpu/alu_unit/if_id_instr[30]_i_6_n_0
    SLICE_X33Y87         LUT6 (Prop_lut6_I0_O)        0.124    17.403 r  cpu/alu_unit/if_id_instr[30]_i_4/O
                         net (fo=34, routed)          0.499    17.902    cpu/alu_unit/pc_next2__1
    SLICE_X33Y86         LUT4 (Prop_lut4_I0_O)        0.124    18.026 r  cpu/alu_unit/id_ex_imm_ext[31]_i_1/O
                         net (fo=181, routed)         1.002    19.028    cpu/id_ex_reg_write0
    SLICE_X31Y83         FDRE                                         r  cpu/id_ex_rd1_reg[25]/R
  -------------------------------------------------------------------    -------------------

                         (clock sys_clk_pin rise edge)
                                                      8.000     8.000 r  
    L16                                               0.000     8.000 r  clk (IN)
                         net (fo=0)                   0.000     8.000    clk
    L16                  IBUF (Prop_ibuf_I_O)         1.421     9.421 r  clk_IBUF_inst/O
                         net (fo=1, routed)           1.880    11.301    clk_IBUF
    BUFGCTRL_X0Y16       BUFG (Prop_bufg_I_O)         0.091    11.392 r  clk_IBUF_BUFG_inst/O
                         net (fo=708, routed)         1.479    12.870    cpu/clk_IBUF_BUFG
    SLICE_X31Y83         FDRE                                         r  cpu/id_ex_rd1_reg[25]/C
                         clock pessimism              0.391    13.261    
                         clock uncertainty           -0.035    13.226    
    SLICE_X31Y83         FDRE (Setup_fdre_C_R)       -0.429    12.797    cpu/id_ex_rd1_reg[25]
  -------------------------------------------------------------------
                         required time                         12.797    
                         arrival time                         -19.028    
  -------------------------------------------------------------------
                         slack                                 -6.231    

Slack (VIOLATED) :        -6.217ns  (required time - arrival time)
  Source:                 cpu/ex_mem_rd_reg[0]/C
                            (rising edge-triggered cell FDRE clocked by sys_clk_pin  {rise@0.000ns fall@4.000ns period=8.000ns})
  Destination:            cpu/if_id_pc_plus4_reg[10]/R
                            (rising edge-triggered cell FDRE clocked by sys_clk_pin  {rise@0.000ns fall@4.000ns period=8.000ns})
  Path Group:             sys_clk_pin
  Path Type:              Setup (Max at Slow Process Corner)
  Requirement:            8.000ns  (sys_clk_pin rise@8.000ns - sys_clk_pin rise@0.000ns)
  Data Path Delay:        13.528ns  (logic 2.068ns (15.287%)  route 11.460ns (84.713%))
  Logic Levels:           13  (LUT3=2 LUT4=1 LUT5=2 LUT6=8)
  Clock Path Skew:        -0.130ns (DCD - SCD + CPR)
    Destination Clock Delay (DCD):    4.868ns = ( 12.868 - 8.000 ) 
    Source Clock Delay      (SCD):    5.389ns
    Clock Pessimism Removal (CPR):    0.391ns
  Clock Uncertainty:      0.035ns  ((TSJ^2 + TIJ^2)^1/2 + DJ) / 2 + PE
    Total System Jitter     (TSJ):    0.071ns
    Total Input Jitter      (TIJ):    0.000ns
    Discrete Jitter          (DJ):    0.000ns
    Phase Error              (PE):    0.000ns

    Location             Delay type                Incr(ns)  Path(ns)    Netlist Resource(s)
  -------------------------------------------------------------------    -------------------
                         (clock sys_clk_pin rise edge)
                                                      0.000     0.000 r  
    L16                                               0.000     0.000 r  clk (IN)
                         net (fo=0)                   0.000     0.000    clk
    L16                  IBUF (Prop_ibuf_I_O)         1.491     1.491 r  clk_IBUF_inst/O
                         net (fo=1, routed)           2.076     3.567    clk_IBUF
    BUFGCTRL_X0Y16       BUFG (Prop_bufg_I_O)         0.101     3.668 r  clk_IBUF_BUFG_inst/O
                         net (fo=708, routed)         1.721     5.389    cpu/clk_IBUF_BUFG
    SLICE_X39Y77         FDRE                                         r  cpu/ex_mem_rd_reg[0]/C
  -------------------------------------------------------------------    -------------------
    SLICE_X39Y77         FDRE (Prop_fdre_C_Q)         0.456     5.845 f  cpu/ex_mem_rd_reg[0]/Q
                         net (fo=5, routed)           0.833     6.679    cpu/pc_unit/i__carry__3_i_9_0[0]
    SLICE_X36Y77         LUT5 (Prop_lut5_I1_O)        0.124     6.803 f  cpu/pc_unit/ex_mem_rd2[31]_i_8/O
                         net (fo=6, routed)           0.823     7.626    cpu/pc_unit/ex_mem_rd2[31]_i_8_n_0
    SLICE_X39Y76         LUT6 (Prop_lut6_I3_O)        0.124     7.750 r  cpu/pc_unit/ex_mem_rd2[31]_i_5/O
                         net (fo=32, routed)          0.737     8.487    cpu/pc_unit/ex_mem_rd2[31]_i_5_n_0
    SLICE_X39Y75         LUT6 (Prop_lut6_I4_O)        0.124     8.611 r  cpu/pc_unit/ex_mem_rd2[1]_i_1/O
                         net (fo=3, routed)           0.717     9.328    cpu/pc_unit/id_ex_rd2_reg[31][1]
    SLICE_X35Y74         LUT3 (Prop_lut3_I2_O)        0.124     9.452 r  cpu/pc_unit/i__carry_i_15/O
                         net (fo=126, routed)         1.383    10.836    cpu/pc_unit/ex_srcB_mux__87[0]
    SLICE_X27Y76         LUT5 (Prop_lut5_I2_O)        0.124    10.960 f  cpu/pc_unit/ex_mem_alu_result[31]_i_30/O
                         net (fo=22, routed)          0.888    11.848    cpu/pc_unit/ex_mem_alu_result[31]_i_30_n_0
    SLICE_X25Y75         LUT6 (Prop_lut6_I3_O)        0.124    11.972 f  cpu/pc_unit/ex_mem_alu_result[20]_i_14/O
                         net (fo=5, routed)           1.180    13.152    cpu/pc_unit/ex_mem_alu_result[20]_i_14_n_0
    SLICE_X25Y82         LUT4 (Prop_lut4_I1_O)        0.124    13.276 f  cpu/pc_unit/ex_mem_alu_result[19]_i_10/O
                         net (fo=2, routed)           0.486    13.762    cpu/pc_unit/ex_mem_alu_result[19]_i_10_n_0
    SLICE_X24Y81         LUT6 (Prop_lut6_I3_O)        0.124    13.886 f  cpu/pc_unit/ex_mem_alu_result[19]_i_4/O
                         net (fo=1, routed)           0.641    14.527    cpu/alu_unit/ex_mem_alu_result_reg[19]_0
    SLICE_X25Y80         LUT6 (Prop_lut6_I3_O)        0.124    14.651 f  cpu/alu_unit/ex_mem_alu_result[19]_i_1/O
                         net (fo=3, routed)           1.084    15.735    cpu/alu_unit/id_ex_alu_control_reg[2][18]
    SLICE_X31Y79         LUT6 (Prop_lut6_I5_O)        0.124    15.859 r  cpu/alu_unit/if_id_instr[30]_i_11/O
                         net (fo=1, routed)           0.801    16.660    cpu/alu_unit/if_id_instr[30]_i_11_n_0
    SLICE_X33Y80         LUT6 (Prop_lut6_I0_O)        0.124    16.784 r  cpu/alu_unit/if_id_instr[30]_i_6/O
                         net (fo=1, routed)           0.495    17.279    cpu/alu_unit/if_id_instr[30]_i_6_n_0
    SLICE_X33Y87         LUT6 (Prop_lut6_I0_O)        0.124    17.403 r  cpu/alu_unit/if_id_instr[30]_i_4/O
                         net (fo=34, routed)          0.578    17.981    cpu/alu_unit/pc_next2__1
    SLICE_X32Y86         LUT3 (Prop_lut3_I2_O)        0.124    18.105 r  cpu/alu_unit/if_id_instr[30]_i_1/O
                         net (fo=86, routed)          0.812    18.917    cpu/if_id_instr0
    SLICE_X34Y81         FDRE                                         r  cpu/if_id_pc_plus4_reg[10]/R
  -------------------------------------------------------------------    -------------------

                         (clock sys_clk_pin rise edge)
                                                      8.000     8.000 r  
    L16                                               0.000     8.000 r  clk (IN)
                         net (fo=0)                   0.000     8.000    clk
    L16                  IBUF (Prop_ibuf_I_O)         1.421     9.421 r  clk_IBUF_inst/O
                         net (fo=1, routed)           1.880    11.301    clk_IBUF
    BUFGCTRL_X0Y16       BUFG (Prop_bufg_I_O)         0.091    11.392 r  clk_IBUF_BUFG_inst/O
                         net (fo=708, routed)         1.477    12.868    cpu/clk_IBUF_BUFG
    SLICE_X34Y81         FDRE                                         r  cpu/if_id_pc_plus4_reg[10]/C
                         clock pessimism              0.391    13.259    
                         clock uncertainty           -0.035    13.224    
    SLICE_X34Y81         FDRE (Setup_fdre_C_R)       -0.524    12.700    cpu/if_id_pc_plus4_reg[10]
  -------------------------------------------------------------------
                         required time                         12.700    
                         arrival time                         -18.917    
  -------------------------------------------------------------------
                         slack                                 -6.217    

Slack (VIOLATED) :        -6.217ns  (required time - arrival time)
  Source:                 cpu/ex_mem_rd_reg[0]/C
                            (rising edge-triggered cell FDRE clocked by sys_clk_pin  {rise@0.000ns fall@4.000ns period=8.000ns})
  Destination:            cpu/if_id_pc_plus4_reg[11]/R
                            (rising edge-triggered cell FDRE clocked by sys_clk_pin  {rise@0.000ns fall@4.000ns period=8.000ns})
  Path Group:             sys_clk_pin
  Path Type:              Setup (Max at Slow Process Corner)
  Requirement:            8.000ns  (sys_clk_pin rise@8.000ns - sys_clk_pin rise@0.000ns)
  Data Path Delay:        13.528ns  (logic 2.068ns (15.287%)  route 11.460ns (84.713%))
  Logic Levels:           13  (LUT3=2 LUT4=1 LUT5=2 LUT6=8)
  Clock Path Skew:        -0.130ns (DCD - SCD + CPR)
    Destination Clock Delay (DCD):    4.868ns = ( 12.868 - 8.000 ) 
    Source Clock Delay      (SCD):    5.389ns
    Clock Pessimism Removal (CPR):    0.391ns
  Clock Uncertainty:      0.035ns  ((TSJ^2 + TIJ^2)^1/2 + DJ) / 2 + PE
    Total System Jitter     (TSJ):    0.071ns
    Total Input Jitter      (TIJ):    0.000ns
    Discrete Jitter          (DJ):    0.000ns
    Phase Error              (PE):    0.000ns

    Location             Delay type                Incr(ns)  Path(ns)    Netlist Resource(s)
  -------------------------------------------------------------------    -------------------
                         (clock sys_clk_pin rise edge)
                                                      0.000     0.000 r  
    L16                                               0.000     0.000 r  clk (IN)
                         net (fo=0)                   0.000     0.000    clk
    L16                  IBUF (Prop_ibuf_I_O)         1.491     1.491 r  clk_IBUF_inst/O
                         net (fo=1, routed)           2.076     3.567    clk_IBUF
    BUFGCTRL_X0Y16       BUFG (Prop_bufg_I_O)         0.101     3.668 r  clk_IBUF_BUFG_inst/O
                         net (fo=708, routed)         1.721     5.389    cpu/clk_IBUF_BUFG
    SLICE_X39Y77         FDRE                                         r  cpu/ex_mem_rd_reg[0]/C
  -------------------------------------------------------------------    -------------------
    SLICE_X39Y77         FDRE (Prop_fdre_C_Q)         0.456     5.845 f  cpu/ex_mem_rd_reg[0]/Q
                         net (fo=5, routed)           0.833     6.679    cpu/pc_unit/i__carry__3_i_9_0[0]
    SLICE_X36Y77         LUT5 (Prop_lut5_I1_O)        0.124     6.803 f  cpu/pc_unit/ex_mem_rd2[31]_i_8/O
                         net (fo=6, routed)           0.823     7.626    cpu/pc_unit/ex_mem_rd2[31]_i_8_n_0
    SLICE_X39Y76         LUT6 (Prop_lut6_I3_O)        0.124     7.750 r  cpu/pc_unit/ex_mem_rd2[31]_i_5/O
                         net (fo=32, routed)          0.737     8.487    cpu/pc_unit/ex_mem_rd2[31]_i_5_n_0
    SLICE_X39Y75         LUT6 (Prop_lut6_I4_O)        0.124     8.611 r  cpu/pc_unit/ex_mem_rd2[1]_i_1/O
                         net (fo=3, routed)           0.717     9.328    cpu/pc_unit/id_ex_rd2_reg[31][1]
    SLICE_X35Y74         LUT3 (Prop_lut3_I2_O)        0.124     9.452 r  cpu/pc_unit/i__carry_i_15/O
                         net (fo=126, routed)         1.383    10.836    cpu/pc_unit/ex_srcB_mux__87[0]
    SLICE_X27Y76         LUT5 (Prop_lut5_I2_O)        0.124    10.960 f  cpu/pc_unit/ex_mem_alu_result[31]_i_30/O
                         net (fo=22, routed)          0.888    11.848    cpu/pc_unit/ex_mem_alu_result[31]_i_30_n_0
    SLICE_X25Y75         LUT6 (Prop_lut6_I3_O)        0.124    11.972 f  cpu/pc_unit/ex_mem_alu_result[20]_i_14/O
                         net (fo=5, routed)           1.180    13.152    cpu/pc_unit/ex_mem_alu_result[20]_i_14_n_0
    SLICE_X25Y82         LUT4 (Prop_lut4_I1_O)        0.124    13.276 f  cpu/pc_unit/ex_mem_alu_result[19]_i_10/O
                         net (fo=2, routed)           0.486    13.762    cpu/pc_unit/ex_mem_alu_result[19]_i_10_n_0
    SLICE_X24Y81         LUT6 (Prop_lut6_I3_O)        0.124    13.886 f  cpu/pc_unit/ex_mem_alu_result[19]_i_4/O
                         net (fo=1, routed)           0.641    14.527    cpu/alu_unit/ex_mem_alu_result_reg[19]_0
    SLICE_X25Y80         LUT6 (Prop_lut6_I3_O)        0.124    14.651 f  cpu/alu_unit/ex_mem_alu_result[19]_i_1/O
                         net (fo=3, routed)           1.084    15.735    cpu/alu_unit/id_ex_alu_control_reg[2][18]
    SLICE_X31Y79         LUT6 (Prop_lut6_I5_O)        0.124    15.859 r  cpu/alu_unit/if_id_instr[30]_i_11/O
                         net (fo=1, routed)           0.801    16.660    cpu/alu_unit/if_id_instr[30]_i_11_n_0
    SLICE_X33Y80         LUT6 (Prop_lut6_I0_O)        0.124    16.784 r  cpu/alu_unit/if_id_instr[30]_i_6/O
                         net (fo=1, routed)           0.495    17.279    cpu/alu_unit/if_id_instr[30]_i_6_n_0
    SLICE_X33Y87         LUT6 (Prop_lut6_I0_O)        0.124    17.403 r  cpu/alu_unit/if_id_instr[30]_i_4/O
                         net (fo=34, routed)          0.578    17.981    cpu/alu_unit/pc_next2__1
    SLICE_X32Y86         LUT3 (Prop_lut3_I2_O)        0.124    18.105 r  cpu/alu_unit/if_id_instr[30]_i_1/O
                         net (fo=86, routed)          0.812    18.917    cpu/if_id_instr0
    SLICE_X34Y81         FDRE                                         r  cpu/if_id_pc_plus4_reg[11]/R
  -------------------------------------------------------------------    -------------------

                         (clock sys_clk_pin rise edge)
                                                      8.000     8.000 r  
    L16                                               0.000     8.000 r  clk (IN)
                         net (fo=0)                   0.000     8.000    clk
    L16                  IBUF (Prop_ibuf_I_O)         1.421     9.421 r  clk_IBUF_inst/O
                         net (fo=1, routed)           1.880    11.301    clk_IBUF
    BUFGCTRL_X0Y16       BUFG (Prop_bufg_I_O)         0.091    11.392 r  clk_IBUF_BUFG_inst/O
                         net (fo=708, routed)         1.477    12.868    cpu/clk_IBUF_BUFG
    SLICE_X34Y81         FDRE                                         r  cpu/if_id_pc_plus4_reg[11]/C
                         clock pessimism              0.391    13.259    
                         clock uncertainty           -0.035    13.224    
    SLICE_X34Y81         FDRE (Setup_fdre_C_R)       -0.524    12.700    cpu/if_id_pc_plus4_reg[11]
  -------------------------------------------------------------------
                         required time                         12.700    
                         arrival time                         -18.917    
  -------------------------------------------------------------------
                         slack                                 -6.217    

Slack (VIOLATED) :        -6.217ns  (required time - arrival time)
  Source:                 cpu/ex_mem_rd_reg[0]/C
                            (rising edge-triggered cell FDRE clocked by sys_clk_pin  {rise@0.000ns fall@4.000ns period=8.000ns})
  Destination:            cpu/if_id_pc_plus4_reg[12]/R
                            (rising edge-triggered cell FDRE clocked by sys_clk_pin  {rise@0.000ns fall@4.000ns period=8.000ns})
  Path Group:             sys_clk_pin
  Path Type:              Setup (Max at Slow Process Corner)
  Requirement:            8.000ns  (sys_clk_pin rise@8.000ns - sys_clk_pin rise@0.000ns)
  Data Path Delay:        13.528ns  (logic 2.068ns (15.287%)  route 11.460ns (84.713%))
  Logic Levels:           13  (LUT3=2 LUT4=1 LUT5=2 LUT6=8)
  Clock Path Skew:        -0.130ns (DCD - SCD + CPR)
    Destination Clock Delay (DCD):    4.868ns = ( 12.868 - 8.000 ) 
    Source Clock Delay      (SCD):    5.389ns
    Clock Pessimism Removal (CPR):    0.391ns
  Clock Uncertainty:      0.035ns  ((TSJ^2 + TIJ^2)^1/2 + DJ) / 2 + PE
    Total System Jitter     (TSJ):    0.071ns
    Total Input Jitter      (TIJ):    0.000ns
    Discrete Jitter          (DJ):    0.000ns
    Phase Error              (PE):    0.000ns

    Location             Delay type                Incr(ns)  Path(ns)    Netlist Resource(s)
  -------------------------------------------------------------------    -------------------
                         (clock sys_clk_pin rise edge)
                                                      0.000     0.000 r  
    L16                                               0.000     0.000 r  clk (IN)
                         net (fo=0)                   0.000     0.000    clk
    L16                  IBUF (Prop_ibuf_I_O)         1.491     1.491 r  clk_IBUF_inst/O
                         net (fo=1, routed)           2.076     3.567    clk_IBUF
    BUFGCTRL_X0Y16       BUFG (Prop_bufg_I_O)         0.101     3.668 r  clk_IBUF_BUFG_inst/O
                         net (fo=708, routed)         1.721     5.389    cpu/clk_IBUF_BUFG
    SLICE_X39Y77         FDRE                                         r  cpu/ex_mem_rd_reg[0]/C
  -------------------------------------------------------------------    -------------------
    SLICE_X39Y77         FDRE (Prop_fdre_C_Q)         0.456     5.845 f  cpu/ex_mem_rd_reg[0]/Q
                         net (fo=5, routed)           0.833     6.679    cpu/pc_unit/i__carry__3_i_9_0[0]
    SLICE_X36Y77         LUT5 (Prop_lut5_I1_O)        0.124     6.803 f  cpu/pc_unit/ex_mem_rd2[31]_i_8/O
                         net (fo=6, routed)           0.823     7.626    cpu/pc_unit/ex_mem_rd2[31]_i_8_n_0
    SLICE_X39Y76         LUT6 (Prop_lut6_I3_O)        0.124     7.750 r  cpu/pc_unit/ex_mem_rd2[31]_i_5/O
                         net (fo=32, routed)          0.737     8.487    cpu/pc_unit/ex_mem_rd2[31]_i_5_n_0
    SLICE_X39Y75         LUT6 (Prop_lut6_I4_O)        0.124     8.611 r  cpu/pc_unit/ex_mem_rd2[1]_i_1/O
                         net (fo=3, routed)           0.717     9.328    cpu/pc_unit/id_ex_rd2_reg[31][1]
    SLICE_X35Y74         LUT3 (Prop_lut3_I2_O)        0.124     9.452 r  cpu/pc_unit/i__carry_i_15/O
                         net (fo=126, routed)         1.383    10.836    cpu/pc_unit/ex_srcB_mux__87[0]
    SLICE_X27Y76         LUT5 (Prop_lut5_I2_O)        0.124    10.960 f  cpu/pc_unit/ex_mem_alu_result[31]_i_30/O
                         net (fo=22, routed)          0.888    11.848    cpu/pc_unit/ex_mem_alu_result[31]_i_30_n_0
    SLICE_X25Y75         LUT6 (Prop_lut6_I3_O)        0.124    11.972 f  cpu/pc_unit/ex_mem_alu_result[20]_i_14/O
                         net (fo=5, routed)           1.180    13.152    cpu/pc_unit/ex_mem_alu_result[20]_i_14_n_0
    SLICE_X25Y82         LUT4 (Prop_lut4_I1_O)        0.124    13.276 f  cpu/pc_unit/ex_mem_alu_result[19]_i_10/O
                         net (fo=2, routed)           0.486    13.762    cpu/pc_unit/ex_mem_alu_result[19]_i_10_n_0
    SLICE_X24Y81         LUT6 (Prop_lut6_I3_O)        0.124    13.886 f  cpu/pc_unit/ex_mem_alu_result[19]_i_4/O
                         net (fo=1, routed)           0.641    14.527    cpu/alu_unit/ex_mem_alu_result_reg[19]_0
    SLICE_X25Y80         LUT6 (Prop_lut6_I3_O)        0.124    14.651 f  cpu/alu_unit/ex_mem_alu_result[19]_i_1/O
                         net (fo=3, routed)           1.084    15.735    cpu/alu_unit/id_ex_alu_control_reg[2][18]
    SLICE_X31Y79         LUT6 (Prop_lut6_I5_O)        0.124    15.859 r  cpu/alu_unit/if_id_instr[30]_i_11/O
                         net (fo=1, routed)           0.801    16.660    cpu/alu_unit/if_id_instr[30]_i_11_n_0
    SLICE_X33Y80         LUT6 (Prop_lut6_I0_O)        0.124    16.784 r  cpu/alu_unit/if_id_instr[30]_i_6/O
                         net (fo=1, routed)           0.495    17.279    cpu/alu_unit/if_id_instr[30]_i_6_n_0
    SLICE_X33Y87         LUT6 (Prop_lut6_I0_O)        0.124    17.403 r  cpu/alu_unit/if_id_instr[30]_i_4/O
                         net (fo=34, routed)          0.578    17.981    cpu/alu_unit/pc_next2__1
    SLICE_X32Y86         LUT3 (Prop_lut3_I2_O)        0.124    18.105 r  cpu/alu_unit/if_id_instr[30]_i_1/O
                         net (fo=86, routed)          0.812    18.917    cpu/if_id_instr0
    SLICE_X34Y81         FDRE                                         r  cpu/if_id_pc_plus4_reg[12]/R
  -------------------------------------------------------------------    -------------------

                         (clock sys_clk_pin rise edge)
                                                      8.000     8.000 r  
    L16                                               0.000     8.000 r  clk (IN)
                         net (fo=0)                   0.000     8.000    clk
    L16                  IBUF (Prop_ibuf_I_O)         1.421     9.421 r  clk_IBUF_inst/O
                         net (fo=1, routed)           1.880    11.301    clk_IBUF
    BUFGCTRL_X0Y16       BUFG (Prop_bufg_I_O)         0.091    11.392 r  clk_IBUF_BUFG_inst/O
                         net (fo=708, routed)         1.477    12.868    cpu/clk_IBUF_BUFG
    SLICE_X34Y81         FDRE                                         r  cpu/if_id_pc_plus4_reg[12]/C
                         clock pessimism              0.391    13.259    
                         clock uncertainty           -0.035    13.224    
    SLICE_X34Y81         FDRE (Setup_fdre_C_R)       -0.524    12.700    cpu/if_id_pc_plus4_reg[12]
  -------------------------------------------------------------------
                         required time                         12.700    
                         arrival time                         -18.917    
  -------------------------------------------------------------------
                         slack                                 -6.217    

Slack (VIOLATED) :        -6.217ns  (required time - arrival time)
  Source:                 cpu/ex_mem_rd_reg[0]/C
                            (rising edge-triggered cell FDRE clocked by sys_clk_pin  {rise@0.000ns fall@4.000ns period=8.000ns})
  Destination:            cpu/if_id_pc_plus4_reg[9]/R
                            (rising edge-triggered cell FDRE clocked by sys_clk_pin  {rise@0.000ns fall@4.000ns period=8.000ns})
  Path Group:             sys_clk_pin
  Path Type:              Setup (Max at Slow Process Corner)
  Requirement:            8.000ns  (sys_clk_pin rise@8.000ns - sys_clk_pin rise@0.000ns)
  Data Path Delay:        13.528ns  (logic 2.068ns (15.287%)  route 11.460ns (84.713%))
  Logic Levels:           13  (LUT3=2 LUT4=1 LUT5=2 LUT6=8)
  Clock Path Skew:        -0.130ns (DCD - SCD + CPR)
    Destination Clock Delay (DCD):    4.868ns = ( 12.868 - 8.000 ) 
    Source Clock Delay      (SCD):    5.389ns
    Clock Pessimism Removal (CPR):    0.391ns
  Clock Uncertainty:      0.035ns  ((TSJ^2 + TIJ^2)^1/2 + DJ) / 2 + PE
    Total System Jitter     (TSJ):    0.071ns
    Total Input Jitter      (TIJ):    0.000ns
    Discrete Jitter          (DJ):    0.000ns
    Phase Error              (PE):    0.000ns

    Location             Delay type                Incr(ns)  Path(ns)    Netlist Resource(s)
  -------------------------------------------------------------------    -------------------
                         (clock sys_clk_pin rise edge)
                                                      0.000     0.000 r  
    L16                                               0.000     0.000 r  clk (IN)
                         net (fo=0)                   0.000     0.000    clk
    L16                  IBUF (Prop_ibuf_I_O)         1.491     1.491 r  clk_IBUF_inst/O
                         net (fo=1, routed)           2.076     3.567    clk_IBUF
    BUFGCTRL_X0Y16       BUFG (Prop_bufg_I_O)         0.101     3.668 r  clk_IBUF_BUFG_inst/O
                         net (fo=708, routed)         1.721     5.389    cpu/clk_IBUF_BUFG
    SLICE_X39Y77         FDRE                                         r  cpu/ex_mem_rd_reg[0]/C
  -------------------------------------------------------------------    -------------------
    SLICE_X39Y77         FDRE (Prop_fdre_C_Q)         0.456     5.845 f  cpu/ex_mem_rd_reg[0]/Q
                         net (fo=5, routed)           0.833     6.679    cpu/pc_unit/i__carry__3_i_9_0[0]
    SLICE_X36Y77         LUT5 (Prop_lut5_I1_O)        0.124     6.803 f  cpu/pc_unit/ex_mem_rd2[31]_i_8/O
                         net (fo=6, routed)           0.823     7.626    cpu/pc_unit/ex_mem_rd2[31]_i_8_n_0
    SLICE_X39Y76         LUT6 (Prop_lut6_I3_O)        0.124     7.750 r  cpu/pc_unit/ex_mem_rd2[31]_i_5/O
                         net (fo=32, routed)          0.737     8.487    cpu/pc_unit/ex_mem_rd2[31]_i_5_n_0
    SLICE_X39Y75         LUT6 (Prop_lut6_I4_O)        0.124     8.611 r  cpu/pc_unit/ex_mem_rd2[1]_i_1/O
                         net (fo=3, routed)           0.717     9.328    cpu/pc_unit/id_ex_rd2_reg[31][1]
    SLICE_X35Y74         LUT3 (Prop_lut3_I2_O)        0.124     9.452 r  cpu/pc_unit/i__carry_i_15/O
                         net (fo=126, routed)         1.383    10.836    cpu/pc_unit/ex_srcB_mux__87[0]
    SLICE_X27Y76         LUT5 (Prop_lut5_I2_O)        0.124    10.960 f  cpu/pc_unit/ex_mem_alu_result[31]_i_30/O
                         net (fo=22, routed)          0.888    11.848    cpu/pc_unit/ex_mem_alu_result[31]_i_30_n_0
    SLICE_X25Y75         LUT6 (Prop_lut6_I3_O)        0.124    11.972 f  cpu/pc_unit/ex_mem_alu_result[20]_i_14/O
                         net (fo=5, routed)           1.180    13.152    cpu/pc_unit/ex_mem_alu_result[20]_i_14_n_0
    SLICE_X25Y82         LUT4 (Prop_lut4_I1_O)        0.124    13.276 f  cpu/pc_unit/ex_mem_alu_result[19]_i_10/O
                         net (fo=2, routed)           0.486    13.762    cpu/pc_unit/ex_mem_alu_result[19]_i_10_n_0
    SLICE_X24Y81         LUT6 (Prop_lut6_I3_O)        0.124    13.886 f  cpu/pc_unit/ex_mem_alu_result[19]_i_4/O
                         net (fo=1, routed)           0.641    14.527    cpu/alu_unit/ex_mem_alu_result_reg[19]_0
    SLICE_X25Y80         LUT6 (Prop_lut6_I3_O)        0.124    14.651 f  cpu/alu_unit/ex_mem_alu_result[19]_i_1/O
                         net (fo=3, routed)           1.084    15.735    cpu/alu_unit/id_ex_alu_control_reg[2][18]
    SLICE_X31Y79         LUT6 (Prop_lut6_I5_O)        0.124    15.859 r  cpu/alu_unit/if_id_instr[30]_i_11/O
                         net (fo=1, routed)           0.801    16.660    cpu/alu_unit/if_id_instr[30]_i_11_n_0
    SLICE_X33Y80         LUT6 (Prop_lut6_I0_O)        0.124    16.784 r  cpu/alu_unit/if_id_instr[30]_i_6/O
                         net (fo=1, routed)           0.495    17.279    cpu/alu_unit/if_id_instr[30]_i_6_n_0
    SLICE_X33Y87         LUT6 (Prop_lut6_I0_O)        0.124    17.403 r  cpu/alu_unit/if_id_instr[30]_i_4/O
                         net (fo=34, routed)          0.578    17.981    cpu/alu_unit/pc_next2__1
    SLICE_X32Y86         LUT3 (Prop_lut3_I2_O)        0.124    18.105 r  cpu/alu_unit/if_id_instr[30]_i_1/O
                         net (fo=86, routed)          0.812    18.917    cpu/if_id_instr0
    SLICE_X34Y81         FDRE                                         r  cpu/if_id_pc_plus4_reg[9]/R
  -------------------------------------------------------------------    -------------------

                         (clock sys_clk_pin rise edge)
                                                      8.000     8.000 r  
    L16                                               0.000     8.000 r  clk (IN)
                         net (fo=0)                   0.000     8.000    clk
    L16                  IBUF (Prop_ibuf_I_O)         1.421     9.421 r  clk_IBUF_inst/O
                         net (fo=1, routed)           1.880    11.301    clk_IBUF
    BUFGCTRL_X0Y16       BUFG (Prop_bufg_I_O)         0.091    11.392 r  clk_IBUF_BUFG_inst/O
                         net (fo=708, routed)         1.477    12.868    cpu/clk_IBUF_BUFG
    SLICE_X34Y81         FDRE                                         r  cpu/if_id_pc_plus4_reg[9]/C
                         clock pessimism              0.391    13.259    
                         clock uncertainty           -0.035    13.224    
    SLICE_X34Y81         FDRE (Setup_fdre_C_R)       -0.524    12.700    cpu/if_id_pc_plus4_reg[9]
  -------------------------------------------------------------------
                         required time                         12.700    
                         arrival time                         -18.917    
  -------------------------------------------------------------------
                         slack                                 -6.217    

Slack (VIOLATED) :        -6.210ns  (required time - arrival time)
  Source:                 cpu/ex_mem_rd_reg[0]/C
                            (rising edge-triggered cell FDRE clocked by sys_clk_pin  {rise@0.000ns fall@4.000ns period=8.000ns})
  Destination:            cpu/if_id_pc_plus4_reg[1]/R
                            (rising edge-triggered cell FDRE clocked by sys_clk_pin  {rise@0.000ns fall@4.000ns period=8.000ns})
  Path Group:             sys_clk_pin
  Path Type:              Setup (Max at Slow Process Corner)
  Requirement:            8.000ns  (sys_clk_pin rise@8.000ns - sys_clk_pin rise@0.000ns)
  Data Path Delay:        13.519ns  (logic 2.068ns (15.297%)  route 11.451ns (84.703%))
  Logic Levels:           13  (LUT3=2 LUT4=1 LUT5=2 LUT6=8)
  Clock Path Skew:        -0.131ns (DCD - SCD + CPR)
    Destination Clock Delay (DCD):    4.867ns = ( 12.867 - 8.000 ) 
    Source Clock Delay      (SCD):    5.389ns
    Clock Pessimism Removal (CPR):    0.391ns
  Clock Uncertainty:      0.035ns  ((TSJ^2 + TIJ^2)^1/2 + DJ) / 2 + PE
    Total System Jitter     (TSJ):    0.071ns
    Total Input Jitter      (TIJ):    0.000ns
    Discrete Jitter          (DJ):    0.000ns
    Phase Error              (PE):    0.000ns

    Location             Delay type                Incr(ns)  Path(ns)    Netlist Resource(s)
  -------------------------------------------------------------------    -------------------
                         (clock sys_clk_pin rise edge)
                                                      0.000     0.000 r  
    L16                                               0.000     0.000 r  clk (IN)
                         net (fo=0)                   0.000     0.000    clk
    L16                  IBUF (Prop_ibuf_I_O)         1.491     1.491 r  clk_IBUF_inst/O
                         net (fo=1, routed)           2.076     3.567    clk_IBUF
    BUFGCTRL_X0Y16       BUFG (Prop_bufg_I_O)         0.101     3.668 r  clk_IBUF_BUFG_inst/O
                         net (fo=708, routed)         1.721     5.389    cpu/clk_IBUF_BUFG
    SLICE_X39Y77         FDRE                                         r  cpu/ex_mem_rd_reg[0]/C
  -------------------------------------------------------------------    -------------------
    SLICE_X39Y77         FDRE (Prop_fdre_C_Q)         0.456     5.845 f  cpu/ex_mem_rd_reg[0]/Q
                         net (fo=5, routed)           0.833     6.679    cpu/pc_unit/i__carry__3_i_9_0[0]
    SLICE_X36Y77         LUT5 (Prop_lut5_I1_O)        0.124     6.803 f  cpu/pc_unit/ex_mem_rd2[31]_i_8/O
                         net (fo=6, routed)           0.823     7.626    cpu/pc_unit/ex_mem_rd2[31]_i_8_n_0
    SLICE_X39Y76         LUT6 (Prop_lut6_I3_O)        0.124     7.750 r  cpu/pc_unit/ex_mem_rd2[31]_i_5/O
                         net (fo=32, routed)          0.737     8.487    cpu/pc_unit/ex_mem_rd2[31]_i_5_n_0
    SLICE_X39Y75         LUT6 (Prop_lut6_I4_O)        0.124     8.611 r  cpu/pc_unit/ex_mem_rd2[1]_i_1/O
                         net (fo=3, routed)           0.717     9.328    cpu/pc_unit/id_ex_rd2_reg[31][1]
    SLICE_X35Y74         LUT3 (Prop_lut3_I2_O)        0.124     9.452 r  cpu/pc_unit/i__carry_i_15/O
                         net (fo=126, routed)         1.383    10.836    cpu/pc_unit/ex_srcB_mux__87[0]
    SLICE_X27Y76         LUT5 (Prop_lut5_I2_O)        0.124    10.960 f  cpu/pc_unit/ex_mem_alu_result[31]_i_30/O
                         net (fo=22, routed)          0.888    11.848    cpu/pc_unit/ex_mem_alu_result[31]_i_30_n_0
    SLICE_X25Y75         LUT6 (Prop_lut6_I3_O)        0.124    11.972 f  cpu/pc_unit/ex_mem_alu_result[20]_i_14/O
                         net (fo=5, routed)           1.180    13.152    cpu/pc_unit/ex_mem_alu_result[20]_i_14_n_0
    SLICE_X25Y82         LUT4 (Prop_lut4_I1_O)        0.124    13.276 f  cpu/pc_unit/ex_mem_alu_result[19]_i_10/O
                         net (fo=2, routed)           0.486    13.762    cpu/pc_unit/ex_mem_alu_result[19]_i_10_n_0
    SLICE_X24Y81         LUT6 (Prop_lut6_I3_O)        0.124    13.886 f  cpu/pc_unit/ex_mem_alu_result[19]_i_4/O
                         net (fo=1, routed)           0.641    14.527    cpu/alu_unit/ex_mem_alu_result_reg[19]_0
    SLICE_X25Y80         LUT6 (Prop_lut6_I3_O)        0.124    14.651 f  cpu/alu_unit/ex_mem_alu_result[19]_i_1/O
                         net (fo=3, routed)           1.084    15.735    cpu/alu_unit/id_ex_alu_control_reg[2][18]
    SLICE_X31Y79         LUT6 (Prop_lut6_I5_O)        0.124    15.859 r  cpu/alu_unit/if_id_instr[30]_i_11/O
                         net (fo=1, routed)           0.801    16.660    cpu/alu_unit/if_id_instr[30]_i_11_n_0
    SLICE_X33Y80         LUT6 (Prop_lut6_I0_O)        0.124    16.784 r  cpu/alu_unit/if_id_instr[30]_i_6/O
                         net (fo=1, routed)           0.495    17.279    cpu/alu_unit/if_id_instr[30]_i_6_n_0
    SLICE_X33Y87         LUT6 (Prop_lut6_I0_O)        0.124    17.403 r  cpu/alu_unit/if_id_instr[30]_i_4/O
                         net (fo=34, routed)          0.578    17.981    cpu/alu_unit/pc_next2__1
    SLICE_X32Y86         LUT3 (Prop_lut3_I2_O)        0.124    18.105 r  cpu/alu_unit/if_id_instr[30]_i_1/O
                         net (fo=86, routed)          0.804    18.909    cpu/if_id_instr0
    SLICE_X34Y79         FDRE                                         r  cpu/if_id_pc_plus4_reg[1]/R
  -------------------------------------------------------------------    -------------------

                         (clock sys_clk_pin rise edge)
                                                      8.000     8.000 r  
    L16                                               0.000     8.000 r  clk (IN)
                         net (fo=0)                   0.000     8.000    clk
    L16                  IBUF (Prop_ibuf_I_O)         1.421     9.421 r  clk_IBUF_inst/O
                         net (fo=1, routed)           1.880    11.301    clk_IBUF
    BUFGCTRL_X0Y16       BUFG (Prop_bufg_I_O)         0.091    11.392 r  clk_IBUF_BUFG_inst/O
                         net (fo=708, routed)         1.476    12.867    cpu/clk_IBUF_BUFG
    SLICE_X34Y79         FDRE                                         r  cpu/if_id_pc_plus4_reg[1]/C
                         clock pessimism              0.391    13.258    
                         clock uncertainty           -0.035    13.223    
    SLICE_X34Y79         FDRE (Setup_fdre_C_R)       -0.524    12.699    cpu/if_id_pc_plus4_reg[1]
  -------------------------------------------------------------------
                         required time                         12.699    
                         arrival time                         -18.909    
  -------------------------------------------------------------------
                         slack                                 -6.210    

Slack (VIOLATED) :        -6.210ns  (required time - arrival time)
  Source:                 cpu/ex_mem_rd_reg[0]/C
                            (rising edge-triggered cell FDRE clocked by sys_clk_pin  {rise@0.000ns fall@4.000ns period=8.000ns})
  Destination:            cpu/if_id_pc_plus4_reg[2]/R
                            (rising edge-triggered cell FDRE clocked by sys_clk_pin  {rise@0.000ns fall@4.000ns period=8.000ns})
  Path Group:             sys_clk_pin
  Path Type:              Setup (Max at Slow Process Corner)
  Requirement:            8.000ns  (sys_clk_pin rise@8.000ns - sys_clk_pin rise@0.000ns)
  Data Path Delay:        13.519ns  (logic 2.068ns (15.297%)  route 11.451ns (84.703%))
  Logic Levels:           13  (LUT3=2 LUT4=1 LUT5=2 LUT6=8)
  Clock Path Skew:        -0.131ns (DCD - SCD + CPR)
    Destination Clock Delay (DCD):    4.867ns = ( 12.867 - 8.000 ) 
    Source Clock Delay      (SCD):    5.389ns
    Clock Pessimism Removal (CPR):    0.391ns
  Clock Uncertainty:      0.035ns  ((TSJ^2 + TIJ^2)^1/2 + DJ) / 2 + PE
    Total System Jitter     (TSJ):    0.071ns
    Total Input Jitter      (TIJ):    0.000ns
    Discrete Jitter          (DJ):    0.000ns
    Phase Error              (PE):    0.000ns

    Location             Delay type                Incr(ns)  Path(ns)    Netlist Resource(s)
  -------------------------------------------------------------------    -------------------
                         (clock sys_clk_pin rise edge)
                                                      0.000     0.000 r  
    L16                                               0.000     0.000 r  clk (IN)
                         net (fo=0)                   0.000     0.000    clk
    L16                  IBUF (Prop_ibuf_I_O)         1.491     1.491 r  clk_IBUF_inst/O
                         net (fo=1, routed)           2.076     3.567    clk_IBUF
    BUFGCTRL_X0Y16       BUFG (Prop_bufg_I_O)         0.101     3.668 r  clk_IBUF_BUFG_inst/O
                         net (fo=708, routed)         1.721     5.389    cpu/clk_IBUF_BUFG
    SLICE_X39Y77         FDRE                                         r  cpu/ex_mem_rd_reg[0]/C
  -------------------------------------------------------------------    -------------------
    SLICE_X39Y77         FDRE (Prop_fdre_C_Q)         0.456     5.845 f  cpu/ex_mem_rd_reg[0]/Q
                         net (fo=5, routed)           0.833     6.679    cpu/pc_unit/i__carry__3_i_9_0[0]
    SLICE_X36Y77         LUT5 (Prop_lut5_I1_O)        0.124     6.803 f  cpu/pc_unit/ex_mem_rd2[31]_i_8/O
                         net (fo=6, routed)           0.823     7.626    cpu/pc_unit/ex_mem_rd2[31]_i_8_n_0
    SLICE_X39Y76         LUT6 (Prop_lut6_I3_O)        0.124     7.750 r  cpu/pc_unit/ex_mem_rd2[31]_i_5/O
                         net (fo=32, routed)          0.737     8.487    cpu/pc_unit/ex_mem_rd2[31]_i_5_n_0
    SLICE_X39Y75         LUT6 (Prop_lut6_I4_O)        0.124     8.611 r  cpu/pc_unit/ex_mem_rd2[1]_i_1/O
                         net (fo=3, routed)           0.717     9.328    cpu/pc_unit/id_ex_rd2_reg[31][1]
    SLICE_X35Y74         LUT3 (Prop_lut3_I2_O)        0.124     9.452 r  cpu/pc_unit/i__carry_i_15/O
                         net (fo=126, routed)         1.383    10.836    cpu/pc_unit/ex_srcB_mux__87[0]
    SLICE_X27Y76         LUT5 (Prop_lut5_I2_O)        0.124    10.960 f  cpu/pc_unit/ex_mem_alu_result[31]_i_30/O
                         net (fo=22, routed)          0.888    11.848    cpu/pc_unit/ex_mem_alu_result[31]_i_30_n_0
    SLICE_X25Y75         LUT6 (Prop_lut6_I3_O)        0.124    11.972 f  cpu/pc_unit/ex_mem_alu_result[20]_i_14/O
                         net (fo=5, routed)           1.180    13.152    cpu/pc_unit/ex_mem_alu_result[20]_i_14_n_0
    SLICE_X25Y82         LUT4 (Prop_lut4_I1_O)        0.124    13.276 f  cpu/pc_unit/ex_mem_alu_result[19]_i_10/O
                         net (fo=2, routed)           0.486    13.762    cpu/pc_unit/ex_mem_alu_result[19]_i_10_n_0
    SLICE_X24Y81         LUT6 (Prop_lut6_I3_O)        0.124    13.886 f  cpu/pc_unit/ex_mem_alu_result[19]_i_4/O
                         net (fo=1, routed)           0.641    14.527    cpu/alu_unit/ex_mem_alu_result_reg[19]_0
    SLICE_X25Y80         LUT6 (Prop_lut6_I3_O)        0.124    14.651 f  cpu/alu_unit/ex_mem_alu_result[19]_i_1/O
                         net (fo=3, routed)           1.084    15.735    cpu/alu_unit/id_ex_alu_control_reg[2][18]
    SLICE_X31Y79         LUT6 (Prop_lut6_I5_O)        0.124    15.859 r  cpu/alu_unit/if_id_instr[30]_i_11/O
                         net (fo=1, routed)           0.801    16.660    cpu/alu_unit/if_id_instr[30]_i_11_n_0
    SLICE_X33Y80         LUT6 (Prop_lut6_I0_O)        0.124    16.784 r  cpu/alu_unit/if_id_instr[30]_i_6/O
                         net (fo=1, routed)           0.495    17.279    cpu/alu_unit/if_id_instr[30]_i_6_n_0
    SLICE_X33Y87         LUT6 (Prop_lut6_I0_O)        0.124    17.403 r  cpu/alu_unit/if_id_instr[30]_i_4/O
                         net (fo=34, routed)          0.578    17.981    cpu/alu_unit/pc_next2__1
    SLICE_X32Y86         LUT3 (Prop_lut3_I2_O)        0.124    18.105 r  cpu/alu_unit/if_id_instr[30]_i_1/O
                         net (fo=86, routed)          0.804    18.909    cpu/if_id_instr0
    SLICE_X34Y79         FDRE                                         r  cpu/if_id_pc_plus4_reg[2]/R
  -------------------------------------------------------------------    -------------------

                         (clock sys_clk_pin rise edge)
                                                      8.000     8.000 r  
    L16                                               0.000     8.000 r  clk (IN)
                         net (fo=0)                   0.000     8.000    clk
    L16                  IBUF (Prop_ibuf_I_O)         1.421     9.421 r  clk_IBUF_inst/O
                         net (fo=1, routed)           1.880    11.301    clk_IBUF
    BUFGCTRL_X0Y16       BUFG (Prop_bufg_I_O)         0.091    11.392 r  clk_IBUF_BUFG_inst/O
                         net (fo=708, routed)         1.476    12.867    cpu/clk_IBUF_BUFG
    SLICE_X34Y79         FDRE                                         r  cpu/if_id_pc_plus4_reg[2]/C
                         clock pessimism              0.391    13.258    
                         clock uncertainty           -0.035    13.223    
    SLICE_X34Y79         FDRE (Setup_fdre_C_R)       -0.524    12.699    cpu/if_id_pc_plus4_reg[2]
  -------------------------------------------------------------------
                         required time                         12.699    
                         arrival time                         -18.909    
  -------------------------------------------------------------------
                         slack                                 -6.210    

Slack (VIOLATED) :        -6.210ns  (required time - arrival time)
  Source:                 cpu/ex_mem_rd_reg[0]/C
                            (rising edge-triggered cell FDRE clocked by sys_clk_pin  {rise@0.000ns fall@4.000ns period=8.000ns})
  Destination:            cpu/if_id_pc_plus4_reg[3]/R
                            (rising edge-triggered cell FDRE clocked by sys_clk_pin  {rise@0.000ns fall@4.000ns period=8.000ns})
  Path Group:             sys_clk_pin
  Path Type:              Setup (Max at Slow Process Corner)
  Requirement:            8.000ns  (sys_clk_pin rise@8.000ns - sys_clk_pin rise@0.000ns)
  Data Path Delay:        13.519ns  (logic 2.068ns (15.297%)  route 11.451ns (84.703%))
  Logic Levels:           13  (LUT3=2 LUT4=1 LUT5=2 LUT6=8)
  Clock Path Skew:        -0.131ns (DCD - SCD + CPR)
    Destination Clock Delay (DCD):    4.867ns = ( 12.867 - 8.000 ) 
    Source Clock Delay      (SCD):    5.389ns
    Clock Pessimism Removal (CPR):    0.391ns
  Clock Uncertainty:      0.035ns  ((TSJ^2 + TIJ^2)^1/2 + DJ) / 2 + PE
    Total System Jitter     (TSJ):    0.071ns
    Total Input Jitter      (TIJ):    0.000ns
    Discrete Jitter          (DJ):    0.000ns
    Phase Error              (PE):    0.000ns

    Location             Delay type                Incr(ns)  Path(ns)    Netlist Resource(s)
  -------------------------------------------------------------------    -------------------
                         (clock sys_clk_pin rise edge)
                                                      0.000     0.000 r  
    L16                                               0.000     0.000 r  clk (IN)
                         net (fo=0)                   0.000     0.000    clk
    L16                  IBUF (Prop_ibuf_I_O)         1.491     1.491 r  clk_IBUF_inst/O
                         net (fo=1, routed)           2.076     3.567    clk_IBUF
    BUFGCTRL_X0Y16       BUFG (Prop_bufg_I_O)         0.101     3.668 r  clk_IBUF_BUFG_inst/O
                         net (fo=708, routed)         1.721     5.389    cpu/clk_IBUF_BUFG
    SLICE_X39Y77         FDRE                                         r  cpu/ex_mem_rd_reg[0]/C
  -------------------------------------------------------------------    -------------------
    SLICE_X39Y77         FDRE (Prop_fdre_C_Q)         0.456     5.845 f  cpu/ex_mem_rd_reg[0]/Q
                         net (fo=5, routed)           0.833     6.679    cpu/pc_unit/i__carry__3_i_9_0[0]
    SLICE_X36Y77         LUT5 (Prop_lut5_I1_O)        0.124     6.803 f  cpu/pc_unit/ex_mem_rd2[31]_i_8/O
                         net (fo=6, routed)           0.823     7.626    cpu/pc_unit/ex_mem_rd2[31]_i_8_n_0
    SLICE_X39Y76         LUT6 (Prop_lut6_I3_O)        0.124     7.750 r  cpu/pc_unit/ex_mem_rd2[31]_i_5/O
                         net (fo=32, routed)          0.737     8.487    cpu/pc_unit/ex_mem_rd2[31]_i_5_n_0
    SLICE_X39Y75         LUT6 (Prop_lut6_I4_O)        0.124     8.611 r  cpu/pc_unit/ex_mem_rd2[1]_i_1/O
                         net (fo=3, routed)           0.717     9.328    cpu/pc_unit/id_ex_rd2_reg[31][1]
    SLICE_X35Y74         LUT3 (Prop_lut3_I2_O)        0.124     9.452 r  cpu/pc_unit/i__carry_i_15/O
                         net (fo=126, routed)         1.383    10.836    cpu/pc_unit/ex_srcB_mux__87[0]
    SLICE_X27Y76         LUT5 (Prop_lut5_I2_O)        0.124    10.960 f  cpu/pc_unit/ex_mem_alu_result[31]_i_30/O
                         net (fo=22, routed)          0.888    11.848    cpu/pc_unit/ex_mem_alu_result[31]_i_30_n_0
    SLICE_X25Y75         LUT6 (Prop_lut6_I3_O)        0.124    11.972 f  cpu/pc_unit/ex_mem_alu_result[20]_i_14/O
                         net (fo=5, routed)           1.180    13.152    cpu/pc_unit/ex_mem_alu_result[20]_i_14_n_0
    SLICE_X25Y82         LUT4 (Prop_lut4_I1_O)        0.124    13.276 f  cpu/pc_unit/ex_mem_alu_result[19]_i_10/O
                         net (fo=2, routed)           0.486    13.762    cpu/pc_unit/ex_mem_alu_result[19]_i_10_n_0
    SLICE_X24Y81         LUT6 (Prop_lut6_I3_O)        0.124    13.886 f  cpu/pc_unit/ex_mem_alu_result[19]_i_4/O
                         net (fo=1, routed)           0.641    14.527    cpu/alu_unit/ex_mem_alu_result_reg[19]_0
    SLICE_X25Y80         LUT6 (Prop_lut6_I3_O)        0.124    14.651 f  cpu/alu_unit/ex_mem_alu_result[19]_i_1/O
                         net (fo=3, routed)           1.084    15.735    cpu/alu_unit/id_ex_alu_control_reg[2][18]
    SLICE_X31Y79         LUT6 (Prop_lut6_I5_O)        0.124    15.859 r  cpu/alu_unit/if_id_instr[30]_i_11/O
                         net (fo=1, routed)           0.801    16.660    cpu/alu_unit/if_id_instr[30]_i_11_n_0
    SLICE_X33Y80         LUT6 (Prop_lut6_I0_O)        0.124    16.784 r  cpu/alu_unit/if_id_instr[30]_i_6/O
                         net (fo=1, routed)           0.495    17.279    cpu/alu_unit/if_id_instr[30]_i_6_n_0
    SLICE_X33Y87         LUT6 (Prop_lut6_I0_O)        0.124    17.403 r  cpu/alu_unit/if_id_instr[30]_i_4/O
                         net (fo=34, routed)          0.578    17.981    cpu/alu_unit/pc_next2__1
    SLICE_X32Y86         LUT3 (Prop_lut3_I2_O)        0.124    18.105 r  cpu/alu_unit/if_id_instr[30]_i_1/O
                         net (fo=86, routed)          0.804    18.909    cpu/if_id_instr0
    SLICE_X34Y79         FDRE                                         r  cpu/if_id_pc_plus4_reg[3]/R
  -------------------------------------------------------------------    -------------------

                         (clock sys_clk_pin rise edge)
                                                      8.000     8.000 r  
    L16                                               0.000     8.000 r  clk (IN)
                         net (fo=0)                   0.000     8.000    clk
    L16                  IBUF (Prop_ibuf_I_O)         1.421     9.421 r  clk_IBUF_inst/O
                         net (fo=1, routed)           1.880    11.301    clk_IBUF
    BUFGCTRL_X0Y16       BUFG (Prop_bufg_I_O)         0.091    11.392 r  clk_IBUF_BUFG_inst/O
                         net (fo=708, routed)         1.476    12.867    cpu/clk_IBUF_BUFG
    SLICE_X34Y79         FDRE                                         r  cpu/if_id_pc_plus4_reg[3]/C
                         clock pessimism              0.391    13.258    
                         clock uncertainty           -0.035    13.223    
    SLICE_X34Y79         FDRE (Setup_fdre_C_R)       -0.524    12.699    cpu/if_id_pc_plus4_reg[3]
  -------------------------------------------------------------------
                         required time                         12.699    
                         arrival time                         -18.909    
  -------------------------------------------------------------------
                         slack                                 -6.210    

Slack (VIOLATED) :        -6.210ns  (required time - arrival time)
  Source:                 cpu/ex_mem_rd_reg[0]/C
                            (rising edge-triggered cell FDRE clocked by sys_clk_pin  {rise@0.000ns fall@4.000ns period=8.000ns})
  Destination:            cpu/if_id_pc_plus4_reg[4]/R
                            (rising edge-triggered cell FDRE clocked by sys_clk_pin  {rise@0.000ns fall@4.000ns period=8.000ns})
  Path Group:             sys_clk_pin
  Path Type:              Setup (Max at Slow Process Corner)
  Requirement:            8.000ns  (sys_clk_pin rise@8.000ns - sys_clk_pin rise@0.000ns)
  Data Path Delay:        13.519ns  (logic 2.068ns (15.297%)  route 11.451ns (84.703%))
  Logic Levels:           13  (LUT3=2 LUT4=1 LUT5=2 LUT6=8)
  Clock Path Skew:        -0.131ns (DCD - SCD + CPR)
    Destination Clock Delay (DCD):    4.867ns = ( 12.867 - 8.000 ) 
    Source Clock Delay      (SCD):    5.389ns
    Clock Pessimism Removal (CPR):    0.391ns
  Clock Uncertainty:      0.035ns  ((TSJ^2 + TIJ^2)^1/2 + DJ) / 2 + PE
    Total System Jitter     (TSJ):    0.071ns
    Total Input Jitter      (TIJ):    0.000ns
    Discrete Jitter          (DJ):    0.000ns
    Phase Error              (PE):    0.000ns

    Location             Delay type                Incr(ns)  Path(ns)    Netlist Resource(s)
  -------------------------------------------------------------------    -------------------
                         (clock sys_clk_pin rise edge)
                                                      0.000     0.000 r  
    L16                                               0.000     0.000 r  clk (IN)
                         net (fo=0)                   0.000     0.000    clk
    L16                  IBUF (Prop_ibuf_I_O)         1.491     1.491 r  clk_IBUF_inst/O
                         net (fo=1, routed)           2.076     3.567    clk_IBUF
    BUFGCTRL_X0Y16       BUFG (Prop_bufg_I_O)         0.101     3.668 r  clk_IBUF_BUFG_inst/O
                         net (fo=708, routed)         1.721     5.389    cpu/clk_IBUF_BUFG
    SLICE_X39Y77         FDRE                                         r  cpu/ex_mem_rd_reg[0]/C
  -------------------------------------------------------------------    -------------------
    SLICE_X39Y77         FDRE (Prop_fdre_C_Q)         0.456     5.845 f  cpu/ex_mem_rd_reg[0]/Q
                         net (fo=5, routed)           0.833     6.679    cpu/pc_unit/i__carry__3_i_9_0[0]
    SLICE_X36Y77         LUT5 (Prop_lut5_I1_O)        0.124     6.803 f  cpu/pc_unit/ex_mem_rd2[31]_i_8/O
                         net (fo=6, routed)           0.823     7.626    cpu/pc_unit/ex_mem_rd2[31]_i_8_n_0
    SLICE_X39Y76         LUT6 (Prop_lut6_I3_O)        0.124     7.750 r  cpu/pc_unit/ex_mem_rd2[31]_i_5/O
                         net (fo=32, routed)          0.737     8.487    cpu/pc_unit/ex_mem_rd2[31]_i_5_n_0
    SLICE_X39Y75         LUT6 (Prop_lut6_I4_O)        0.124     8.611 r  cpu/pc_unit/ex_mem_rd2[1]_i_1/O
                         net (fo=3, routed)           0.717     9.328    cpu/pc_unit/id_ex_rd2_reg[31][1]
    SLICE_X35Y74         LUT3 (Prop_lut3_I2_O)        0.124     9.452 r  cpu/pc_unit/i__carry_i_15/O
                         net (fo=126, routed)         1.383    10.836    cpu/pc_unit/ex_srcB_mux__87[0]
    SLICE_X27Y76         LUT5 (Prop_lut5_I2_O)        0.124    10.960 f  cpu/pc_unit/ex_mem_alu_result[31]_i_30/O
                         net (fo=22, routed)          0.888    11.848    cpu/pc_unit/ex_mem_alu_result[31]_i_30_n_0
    SLICE_X25Y75         LUT6 (Prop_lut6_I3_O)        0.124    11.972 f  cpu/pc_unit/ex_mem_alu_result[20]_i_14/O
                         net (fo=5, routed)           1.180    13.152    cpu/pc_unit/ex_mem_alu_result[20]_i_14_n_0
    SLICE_X25Y82         LUT4 (Prop_lut4_I1_O)        0.124    13.276 f  cpu/pc_unit/ex_mem_alu_result[19]_i_10/O
                         net (fo=2, routed)           0.486    13.762    cpu/pc_unit/ex_mem_alu_result[19]_i_10_n_0
    SLICE_X24Y81         LUT6 (Prop_lut6_I3_O)        0.124    13.886 f  cpu/pc_unit/ex_mem_alu_result[19]_i_4/O
                         net (fo=1, routed)           0.641    14.527    cpu/alu_unit/ex_mem_alu_result_reg[19]_0
    SLICE_X25Y80         LUT6 (Prop_lut6_I3_O)        0.124    14.651 f  cpu/alu_unit/ex_mem_alu_result[19]_i_1/O
                         net (fo=3, routed)           1.084    15.735    cpu/alu_unit/id_ex_alu_control_reg[2][18]
    SLICE_X31Y79         LUT6 (Prop_lut6_I5_O)        0.124    15.859 r  cpu/alu_unit/if_id_instr[30]_i_11/O
                         net (fo=1, routed)           0.801    16.660    cpu/alu_unit/if_id_instr[30]_i_11_n_0
    SLICE_X33Y80         LUT6 (Prop_lut6_I0_O)        0.124    16.784 r  cpu/alu_unit/if_id_instr[30]_i_6/O
                         net (fo=1, routed)           0.495    17.279    cpu/alu_unit/if_id_instr[30]_i_6_n_0
    SLICE_X33Y87         LUT6 (Prop_lut6_I0_O)        0.124    17.403 r  cpu/alu_unit/if_id_instr[30]_i_4/O
                         net (fo=34, routed)          0.578    17.981    cpu/alu_unit/pc_next2__1
    SLICE_X32Y86         LUT3 (Prop_lut3_I2_O)        0.124    18.105 r  cpu/alu_unit/if_id_instr[30]_i_1/O
                         net (fo=86, routed)          0.804    18.909    cpu/if_id_instr0
    SLICE_X34Y79         FDRE                                         r  cpu/if_id_pc_plus4_reg[4]/R
  -------------------------------------------------------------------    -------------------

                         (clock sys_clk_pin rise edge)
                                                      8.000     8.000 r  
    L16                                               0.000     8.000 r  clk (IN)
                         net (fo=0)                   0.000     8.000    clk
    L16                  IBUF (Prop_ibuf_I_O)         1.421     9.421 r  clk_IBUF_inst/O
                         net (fo=1, routed)           1.880    11.301    clk_IBUF
    BUFGCTRL_X0Y16       BUFG (Prop_bufg_I_O)         0.091    11.392 r  clk_IBUF_BUFG_inst/O
                         net (fo=708, routed)         1.476    12.867    cpu/clk_IBUF_BUFG
    SLICE_X34Y79         FDRE                                         r  cpu/if_id_pc_plus4_reg[4]/C
                         clock pessimism              0.391    13.258    
                         clock uncertainty           -0.035    13.223    
    SLICE_X34Y79         FDRE (Setup_fdre_C_R)       -0.524    12.699    cpu/if_id_pc_plus4_reg[4]
  -------------------------------------------------------------------
                         required time                         12.699    
                         arrival time                         -18.909    
  -------------------------------------------------------------------
                         slack                                 -6.210    





Min Delay Paths
--------------------------------------------------------------------------------------
Slack (MET) :             0.067ns  (arrival time - required time)
  Source:                 btn_sync_reg[0]/C
                            (rising edge-triggered cell FDRE clocked by sys_clk_pin  {rise@0.000ns fall@4.000ns period=8.000ns})
  Destination:            btn_sync_reg[2]_srl2/D
                            (rising edge-triggered cell SRL16E clocked by sys_clk_pin  {rise@0.000ns fall@4.000ns period=8.000ns})
  Path Group:             sys_clk_pin
  Path Type:              Hold (Min at Fast Process Corner)
  Requirement:            0.000ns  (sys_clk_pin rise@0.000ns - sys_clk_pin rise@0.000ns)
  Data Path Delay:        0.197ns  (logic 0.141ns (71.611%)  route 0.056ns (28.389%))
  Logic Levels:           0  
  Clock Path Skew:        0.013ns (DCD - SCD - CPR)
    Destination Clock Delay (DCD):    2.011ns
    Source Clock Delay      (SCD):    1.496ns
    Clock Pessimism Removal (CPR):    0.502ns

    Location             Delay type                Incr(ns)  Path(ns)    Netlist Resource(s)
  -------------------------------------------------------------------    -------------------
                         (clock sys_clk_pin rise edge)
                                                      0.000     0.000 r  
    L16                                               0.000     0.000 r  clk (IN)
                         net (fo=0)                   0.000     0.000    clk
    L16                  IBUF (Prop_ibuf_I_O)         0.259     0.259 r  clk_IBUF_inst/O
                         net (fo=1, routed)           0.627     0.886    clk_IBUF
    BUFGCTRL_X0Y16       BUFG (Prop_bufg_I_O)         0.026     0.912 r  clk_IBUF_BUFG_inst/O
                         net (fo=708, routed)         0.584     1.496    clk_IBUF_BUFG
    SLICE_X43Y65         FDRE                                         r  btn_sync_reg[0]/C
  -------------------------------------------------------------------    -------------------
    SLICE_X43Y65         FDRE (Prop_fdre_C_Q)         0.141     1.637 r  btn_sync_reg[0]/Q
                         net (fo=1, routed)           0.056     1.693    btn_sync_reg_n_0_[0]
    SLICE_X42Y65         SRL16E                                       r  btn_sync_reg[2]_srl2/D
  -------------------------------------------------------------------    -------------------

                         (clock sys_clk_pin rise edge)
                                                      0.000     0.000 r  
    L16                                               0.000     0.000 r  clk (IN)
                         net (fo=0)                   0.000     0.000    clk
    L16                  IBUF (Prop_ibuf_I_O)         0.447     0.447 r  clk_IBUF_inst/O
                         net (fo=1, routed)           0.683     1.130    clk_IBUF
    BUFGCTRL_X0Y16       BUFG (Prop_bufg_I_O)         0.029     1.159 r  clk_IBUF_BUFG_inst/O
                         net (fo=708, routed)         0.852     2.011    clk_IBUF_BUFG
    SLICE_X42Y65         SRL16E                                       r  btn_sync_reg[2]_srl2/CLK
                         clock pessimism             -0.502     1.509    
    SLICE_X42Y65         SRL16E (Hold_srl16e_CLK_D)
                                                      0.117     1.626    btn_sync_reg[2]_srl2
  -------------------------------------------------------------------
                         required time                         -1.626    
                         arrival time                           1.693    
  -------------------------------------------------------------------
                         slack                                  0.067    

Slack (MET) :             0.083ns  (arrival time - required time)
  Source:                 cpu/ex_mem_rd2_reg[18]/C
                            (rising edge-triggered cell FDRE clocked by sys_clk_pin  {rise@0.000ns fall@4.000ns period=8.000ns})
  Destination:            cpu/dmem_unit/RAM_reg_0_63_18_18/SP/I
                            (rising edge-triggered cell RAMS64E clocked by sys_clk_pin  {rise@0.000ns fall@4.000ns period=8.000ns})
  Path Group:             sys_clk_pin
  Path Type:              Hold (Min at Fast Process Corner)
  Requirement:            0.000ns  (sys_clk_pin rise@0.000ns - sys_clk_pin rise@0.000ns)
  Data Path Delay:        0.244ns  (logic 0.141ns (57.827%)  route 0.103ns (42.173%))
  Logic Levels:           0  
  Clock Path Skew:        0.014ns (DCD - SCD - CPR)
    Destination Clock Delay (DCD):    2.011ns
    Source Clock Delay      (SCD):    1.496ns
    Clock Pessimism Removal (CPR):    0.501ns

    Location             Delay type                Incr(ns)  Path(ns)    Netlist Resource(s)
  -------------------------------------------------------------------    -------------------
                         (clock sys_clk_pin rise edge)
                                                      0.000     0.000 r  
    L16                                               0.000     0.000 r  clk (IN)
                         net (fo=0)                   0.000     0.000    clk
    L16                  IBUF (Prop_ibuf_I_O)         0.259     0.259 r  clk_IBUF_inst/O
                         net (fo=1, routed)           0.627     0.886    clk_IBUF
    BUFGCTRL_X0Y16       BUFG (Prop_bufg_I_O)         0.026     0.912 r  clk_IBUF_BUFG_inst/O
                         net (fo=708, routed)         0.584     1.496    cpu/clk_IBUF_BUFG
    SLICE_X40Y84         FDRE                                         r  cpu/ex_mem_rd2_reg[18]/C
  -------------------------------------------------------------------    -------------------
    SLICE_X40Y84         FDRE (Prop_fdre_C_Q)         0.141     1.637 r  cpu/ex_mem_rd2_reg[18]/Q
                         net (fo=1, routed)           0.103     1.740    cpu/dmem_unit/RAM_reg_0_63_18_18/D
    SLICE_X42Y84         RAMS64E                                      r  cpu/dmem_unit/RAM_reg_0_63_18_18/SP/I
  -------------------------------------------------------------------    -------------------

                         (clock sys_clk_pin rise edge)
                                                      0.000     0.000 r  
    L16                                               0.000     0.000 r  clk (IN)
                         net (fo=0)                   0.000     0.000    clk
    L16                  IBUF (Prop_ibuf_I_O)         0.447     0.447 r  clk_IBUF_inst/O
                         net (fo=1, routed)           0.683     1.130    clk_IBUF
    BUFGCTRL_X0Y16       BUFG (Prop_bufg_I_O)         0.029     1.159 r  clk_IBUF_BUFG_inst/O
                         net (fo=708, routed)         0.852     2.011    cpu/dmem_unit/RAM_reg_0_63_18_18/WCLK
    SLICE_X42Y84         RAMS64E                                      r  cpu/dmem_unit/RAM_reg_0_63_18_18/SP/CLK
                         clock pessimism             -0.501     1.510    
    SLICE_X42Y84         RAMS64E (Hold_rams64e_CLK_I)
                                                      0.147     1.657    cpu/dmem_unit/RAM_reg_0_63_18_18/SP
  -------------------------------------------------------------------
                         required time                         -1.657    
                         arrival time                           1.740    
  -------------------------------------------------------------------
                         slack                                  0.083    

Slack (MET) :             0.083ns  (arrival time - required time)
  Source:                 cpu/ex_mem_rd2_reg[14]/C
                            (rising edge-triggered cell FDRE clocked by sys_clk_pin  {rise@0.000ns fall@4.000ns period=8.000ns})
  Destination:            cpu/dmem_unit/RAM_reg_0_63_14_14/SP/I
                            (rising edge-triggered cell RAMS64E clocked by sys_clk_pin  {rise@0.000ns fall@4.000ns period=8.000ns})
  Path Group:             sys_clk_pin
  Path Type:              Hold (Min at Fast Process Corner)
  Requirement:            0.000ns  (sys_clk_pin rise@0.000ns - sys_clk_pin rise@0.000ns)
  Data Path Delay:        0.244ns  (logic 0.141ns (57.827%)  route 0.103ns (42.173%))
  Logic Levels:           0  
  Clock Path Skew:        0.014ns (DCD - SCD - CPR)
    Destination Clock Delay (DCD):    2.007ns
    Source Clock Delay      (SCD):    1.492ns
    Clock Pessimism Removal (CPR):    0.501ns

    Location             Delay type                Incr(ns)  Path(ns)    Netlist Resource(s)
  -------------------------------------------------------------------    -------------------
                         (clock sys_clk_pin rise edge)
                                                      0.000     0.000 r  
    L16                                               0.000     0.000 r  clk (IN)
                         net (fo=0)                   0.000     0.000    clk
    L16                  IBUF (Prop_ibuf_I_O)         0.259     0.259 r  clk_IBUF_inst/O
                         net (fo=1, routed)           0.627     0.886    clk_IBUF
    BUFGCTRL_X0Y16       BUFG (Prop_bufg_I_O)         0.026     0.912 r  clk_IBUF_BUFG_inst/O
                         net (fo=708, routed)         0.580     1.492    cpu/clk_IBUF_BUFG
    SLICE_X40Y80         FDRE                                         r  cpu/ex_mem_rd2_reg[14]/C
  -------------------------------------------------------------------    -------------------
    SLICE_X40Y80         FDRE (Prop_fdre_C_Q)         0.141     1.633 r  cpu/ex_mem_rd2_reg[14]/Q
                         net (fo=1, routed)           0.103     1.736    cpu/dmem_unit/RAM_reg_0_63_14_14/D
    SLICE_X42Y80         RAMS64E                                      r  cpu/dmem_unit/RAM_reg_0_63_14_14/SP/I
  -------------------------------------------------------------------    -------------------

                         (clock sys_clk_pin rise edge)
                                                      0.000     0.000 r  
    L16                                               0.000     0.000 r  clk (IN)
                         net (fo=0)                   0.000     0.000    clk
    L16                  IBUF (Prop_ibuf_I_O)         0.447     0.447 r  clk_IBUF_inst/O
                         net (fo=1, routed)           0.683     1.130    clk_IBUF
    BUFGCTRL_X0Y16       BUFG (Prop_bufg_I_O)         0.029     1.159 r  clk_IBUF_BUFG_inst/O
                         net (fo=708, routed)         0.848     2.007    cpu/dmem_unit/RAM_reg_0_63_14_14/WCLK
    SLICE_X42Y80         RAMS64E                                      r  cpu/dmem_unit/RAM_reg_0_63_14_14/SP/CLK
                         clock pessimism             -0.501     1.506    
    SLICE_X42Y80         RAMS64E (Hold_rams64e_CLK_I)
                                                      0.147     1.653    cpu/dmem_unit/RAM_reg_0_63_14_14/SP
  -------------------------------------------------------------------
                         required time                         -1.653    
                         arrival time                           1.736    
  -------------------------------------------------------------------
                         slack                                  0.083    

Slack (MET) :             0.086ns  (arrival time - required time)
  Source:                 cpu/ex_mem_rd2_reg[27]/C
                            (rising edge-triggered cell FDRE clocked by sys_clk_pin  {rise@0.000ns fall@4.000ns period=8.000ns})
  Destination:            cpu/dmem_unit/RAM_reg_0_63_27_27/SP/I
                            (rising edge-triggered cell RAMS64E clocked by sys_clk_pin  {rise@0.000ns fall@4.000ns period=8.000ns})
  Path Group:             sys_clk_pin
  Path Type:              Hold (Min at Fast Process Corner)
  Requirement:            0.000ns  (sys_clk_pin rise@0.000ns - sys_clk_pin rise@0.000ns)
  Data Path Delay:        0.245ns  (logic 0.141ns (57.591%)  route 0.104ns (42.409%))
  Logic Levels:           0  
  Clock Path Skew:        0.015ns (DCD - SCD - CPR)
    Destination Clock Delay (DCD):    2.011ns
    Source Clock Delay      (SCD):    1.495ns
    Clock Pessimism Removal (CPR):    0.501ns

    Location             Delay type                Incr(ns)  Path(ns)    Netlist Resource(s)
  -------------------------------------------------------------------    -------------------
                         (clock sys_clk_pin rise edge)
                                                      0.000     0.000 r  
    L16                                               0.000     0.000 r  clk (IN)
                         net (fo=0)                   0.000     0.000    clk
    L16                  IBUF (Prop_ibuf_I_O)         0.259     0.259 r  clk_IBUF_inst/O
                         net (fo=1, routed)           0.627     0.886    clk_IBUF
    BUFGCTRL_X0Y16       BUFG (Prop_bufg_I_O)         0.026     0.912 r  clk_IBUF_BUFG_inst/O
                         net (fo=708, routed)         0.583     1.495    cpu/clk_IBUF_BUFG
    SLICE_X36Y87         FDRE                                         r  cpu/ex_mem_rd2_reg[27]/C
  -------------------------------------------------------------------    -------------------
    SLICE_X36Y87         FDRE (Prop_fdre_C_Q)         0.141     1.636 r  cpu/ex_mem_rd2_reg[27]/Q
                         net (fo=1, routed)           0.104     1.740    cpu/dmem_unit/RAM_reg_0_63_27_27/D
    SLICE_X38Y87         RAMS64E                                      r  cpu/dmem_unit/RAM_reg_0_63_27_27/SP/I
  -------------------------------------------------------------------    -------------------

                         (clock sys_clk_pin rise edge)
                                                      0.000     0.000 r  
    L16                                               0.000     0.000 r  clk (IN)
                         net (fo=0)                   0.000     0.000    clk
    L16                  IBUF (Prop_ibuf_I_O)         0.447     0.447 r  clk_IBUF_inst/O
                         net (fo=1, routed)           0.683     1.130    clk_IBUF
    BUFGCTRL_X0Y16       BUFG (Prop_bufg_I_O)         0.029     1.159 r  clk_IBUF_BUFG_inst/O
                         net (fo=708, routed)         0.852     2.011    cpu/dmem_unit/RAM_reg_0_63_27_27/WCLK
    SLICE_X38Y87         RAMS64E                                      r  cpu/dmem_unit/RAM_reg_0_63_27_27/SP/CLK
                         clock pessimism             -0.501     1.510    
    SLICE_X38Y87         RAMS64E (Hold_rams64e_CLK_I)
                                                      0.144     1.654    cpu/dmem_unit/RAM_reg_0_63_27_27/SP
  -------------------------------------------------------------------
                         required time                         -1.654    
                         arrival time                           1.740    
  -------------------------------------------------------------------
                         slack                                  0.086    

Slack (MET) :             0.090ns  (arrival time - required time)
  Source:                 cpu/mem_wb_rd_reg[1]/C
                            (rising edge-triggered cell FDRE clocked by sys_clk_pin  {rise@0.000ns fall@4.000ns period=8.000ns})
  Destination:            cpu/reg_unit/rf_reg_r2_0_31_6_11/RAMA/WADR1
                            (rising edge-triggered cell RAMD32 clocked by sys_clk_pin  {rise@0.000ns fall@4.000ns period=8.000ns})
  Path Group:             sys_clk_pin
  Path Type:              Hold (Min at Fast Process Corner)
  Requirement:            0.000ns  (sys_clk_pin rise@0.000ns - sys_clk_pin rise@0.000ns)
  Data Path Delay:        0.414ns  (logic 0.141ns (34.084%)  route 0.273ns (65.916%))
  Logic Levels:           0  
  Clock Path Skew:        0.015ns (DCD - SCD - CPR)
    Destination Clock Delay (DCD):    2.004ns
    Source Clock Delay      (SCD):    1.488ns
    Clock Pessimism Removal (CPR):    0.501ns

    Location             Delay type                Incr(ns)  Path(ns)    Netlist Resource(s)
  -------------------------------------------------------------------    -------------------
                         (clock sys_clk_pin rise edge)
                                                      0.000     0.000 r  
    L16                                               0.000     0.000 r  clk (IN)
                         net (fo=0)                   0.000     0.000    clk
    L16                  IBUF (Prop_ibuf_I_O)         0.259     0.259 r  clk_IBUF_inst/O
                         net (fo=1, routed)           0.627     0.886    clk_IBUF
    BUFGCTRL_X0Y16       BUFG (Prop_bufg_I_O)         0.026     0.912 r  clk_IBUF_BUFG_inst/O
                         net (fo=708, routed)         0.576     1.488    cpu/clk_IBUF_BUFG
    SLICE_X36Y78         FDRE                                         r  cpu/mem_wb_rd_reg[1]/C
  -------------------------------------------------------------------    -------------------
    SLICE_X36Y78         FDRE (Prop_fdre_C_Q)         0.141     1.629 r  cpu/mem_wb_rd_reg[1]/Q
                         net (fo=101, routed)         0.273     1.902    cpu/reg_unit/rf_reg_r2_0_31_6_11/ADDRD1
    SLICE_X38Y79         RAMD32                                       r  cpu/reg_unit/rf_reg_r2_0_31_6_11/RAMA/WADR1
  -------------------------------------------------------------------    -------------------

                         (clock sys_clk_pin rise edge)
                                                      0.000     0.000 r  
    L16                                               0.000     0.000 r  clk (IN)
                         net (fo=0)                   0.000     0.000    clk
    L16                  IBUF (Prop_ibuf_I_O)         0.447     0.447 r  clk_IBUF_inst/O
                         net (fo=1, routed)           0.683     1.130    clk_IBUF
    BUFGCTRL_X0Y16       BUFG (Prop_bufg_I_O)         0.029     1.159 r  clk_IBUF_BUFG_inst/O
                         net (fo=708, routed)         0.845     2.004    cpu/reg_unit/rf_reg_r2_0_31_6_11/WCLK
    SLICE_X38Y79         RAMD32                                       r  cpu/reg_unit/rf_reg_r2_0_31_6_11/RAMA/CLK
                         clock pessimism             -0.501     1.503    
    SLICE_X38Y79         RAMD32 (Hold_ramd32_CLK_WADR1)
                                                      0.309     1.812    cpu/reg_unit/rf_reg_r2_0_31_6_11/RAMA
  -------------------------------------------------------------------
                         required time                         -1.812    
                         arrival time                           1.902    
  -------------------------------------------------------------------
                         slack                                  0.090    

Slack (MET) :             0.090ns  (arrival time - required time)
  Source:                 cpu/mem_wb_rd_reg[1]/C
                            (rising edge-triggered cell FDRE clocked by sys_clk_pin  {rise@0.000ns fall@4.000ns period=8.000ns})
  Destination:            cpu/reg_unit/rf_reg_r2_0_31_6_11/RAMA_D1/WADR1
                            (rising edge-triggered cell RAMD32 clocked by sys_clk_pin  {rise@0.000ns fall@4.000ns period=8.000ns})
  Path Group:             sys_clk_pin
  Path Type:              Hold (Min at Fast Process Corner)
  Requirement:            0.000ns  (sys_clk_pin rise@0.000ns - sys_clk_pin rise@0.000ns)
  Data Path Delay:        0.414ns  (logic 0.141ns (34.084%)  route 0.273ns (65.916%))
  Logic Levels:           0  
  Clock Path Skew:        0.015ns (DCD - SCD - CPR)
    Destination Clock Delay (DCD):    2.004ns
    Source Clock Delay      (SCD):    1.488ns
    Clock Pessimism Removal (CPR):    0.501ns

    Location             Delay type                Incr(ns)  Path(ns)    Netlist Resource(s)
  -------------------------------------------------------------------    -------------------
                         (clock sys_clk_pin rise edge)
                                                      0.000     0.000 r  
    L16                                               0.000     0.000 r  clk (IN)
                         net (fo=0)                   0.000     0.000    clk
    L16                  IBUF (Prop_ibuf_I_O)         0.259     0.259 r  clk_IBUF_inst/O
                         net (fo=1, routed)           0.627     0.886    clk_IBUF
    BUFGCTRL_X0Y16       BUFG (Prop_bufg_I_O)         0.026     0.912 r  clk_IBUF_BUFG_inst/O
                         net (fo=708, routed)         0.576     1.488    cpu/clk_IBUF_BUFG
    SLICE_X36Y78         FDRE                                         r  cpu/mem_wb_rd_reg[1]/C
  -------------------------------------------------------------------    -------------------
    SLICE_X36Y78         FDRE (Prop_fdre_C_Q)         0.141     1.629 r  cpu/mem_wb_rd_reg[1]/Q
                         net (fo=101, routed)         0.273     1.902    cpu/reg_unit/rf_reg_r2_0_31_6_11/ADDRD1
    SLICE_X38Y79         RAMD32                                       r  cpu/reg_unit/rf_reg_r2_0_31_6_11/RAMA_D1/WADR1
  -------------------------------------------------------------------    -------------------

                         (clock sys_clk_pin rise edge)
                                                      0.000     0.000 r  
    L16                                               0.000     0.000 r  clk (IN)
                         net (fo=0)                   0.000     0.000    clk
    L16                  IBUF (Prop_ibuf_I_O)         0.447     0.447 r  clk_IBUF_inst/O
                         net (fo=1, routed)           0.683     1.130    clk_IBUF
    BUFGCTRL_X0Y16       BUFG (Prop_bufg_I_O)         0.029     1.159 r  clk_IBUF_BUFG_inst/O
                         net (fo=708, routed)         0.845     2.004    cpu/reg_unit/rf_reg_r2_0_31_6_11/WCLK
    SLICE_X38Y79         RAMD32                                       r  cpu/reg_unit/rf_reg_r2_0_31_6_11/RAMA_D1/CLK
                         clock pessimism             -0.501     1.503    
    SLICE_X38Y79         RAMD32 (Hold_ramd32_CLK_WADR1)
                                                      0.309     1.812    cpu/reg_unit/rf_reg_r2_0_31_6_11/RAMA_D1
  -------------------------------------------------------------------
                         required time                         -1.812    
                         arrival time                           1.902    
  -------------------------------------------------------------------
                         slack                                  0.090    

Slack (MET) :             0.090ns  (arrival time - required time)
  Source:                 cpu/mem_wb_rd_reg[1]/C
                            (rising edge-triggered cell FDRE clocked by sys_clk_pin  {rise@0.000ns fall@4.000ns period=8.000ns})
  Destination:            cpu/reg_unit/rf_reg_r2_0_31_6_11/RAMB/WADR1
                            (rising edge-triggered cell RAMD32 clocked by sys_clk_pin  {rise@0.000ns fall@4.000ns period=8.000ns})
  Path Group:             sys_clk_pin
  Path Type:              Hold (Min at Fast Process Corner)
  Requirement:            0.000ns  (sys_clk_pin rise@0.000ns - sys_clk_pin rise@0.000ns)
  Data Path Delay:        0.414ns  (logic 0.141ns (34.084%)  route 0.273ns (65.916%))
  Logic Levels:           0  
  Clock Path Skew:        0.015ns (DCD - SCD - CPR)
    Destination Clock Delay (DCD):    2.004ns
    Source Clock Delay      (SCD):    1.488ns
    Clock Pessimism Removal (CPR):    0.501ns

    Location             Delay type                Incr(ns)  Path(ns)    Netlist Resource(s)
  -------------------------------------------------------------------    -------------------
                         (clock sys_clk_pin rise edge)
                                                      0.000     0.000 r  
    L16                                               0.000     0.000 r  clk (IN)
                         net (fo=0)                   0.000     0.000    clk
    L16                  IBUF (Prop_ibuf_I_O)         0.259     0.259 r  clk_IBUF_inst/O
                         net (fo=1, routed)           0.627     0.886    clk_IBUF
    BUFGCTRL_X0Y16       BUFG (Prop_bufg_I_O)         0.026     0.912 r  clk_IBUF_BUFG_inst/O
                         net (fo=708, routed)         0.576     1.488    cpu/clk_IBUF_BUFG
    SLICE_X36Y78         FDRE                                         r  cpu/mem_wb_rd_reg[1]/C
  -------------------------------------------------------------------    -------------------
    SLICE_X36Y78         FDRE (Prop_fdre_C_Q)         0.141     1.629 r  cpu/mem_wb_rd_reg[1]/Q
                         net (fo=101, routed)         0.273     1.902    cpu/reg_unit/rf_reg_r2_0_31_6_11/ADDRD1
    SLICE_X38Y79         RAMD32                                       r  cpu/reg_unit/rf_reg_r2_0_31_6_11/RAMB/WADR1
  -------------------------------------------------------------------    -------------------

                         (clock sys_clk_pin rise edge)
                                                      0.000     0.000 r  
    L16                                               0.000     0.000 r  clk (IN)
                         net (fo=0)                   0.000     0.000    clk
    L16                  IBUF (Prop_ibuf_I_O)         0.447     0.447 r  clk_IBUF_inst/O
                         net (fo=1, routed)           0.683     1.130    clk_IBUF
    BUFGCTRL_X0Y16       BUFG (Prop_bufg_I_O)         0.029     1.159 r  clk_IBUF_BUFG_inst/O
                         net (fo=708, routed)         0.845     2.004    cpu/reg_unit/rf_reg_r2_0_31_6_11/WCLK
    SLICE_X38Y79         RAMD32                                       r  cpu/reg_unit/rf_reg_r2_0_31_6_11/RAMB/CLK
                         clock pessimism             -0.501     1.503    
    SLICE_X38Y79         RAMD32 (Hold_ramd32_CLK_WADR1)
                                                      0.309     1.812    cpu/reg_unit/rf_reg_r2_0_31_6_11/RAMB
  -------------------------------------------------------------------
                         required time                         -1.812    
                         arrival time                           1.902    
  -------------------------------------------------------------------
                         slack                                  0.090    

Slack (MET) :             0.090ns  (arrival time - required time)
  Source:                 cpu/mem_wb_rd_reg[1]/C
                            (rising edge-triggered cell FDRE clocked by sys_clk_pin  {rise@0.000ns fall@4.000ns period=8.000ns})
  Destination:            cpu/reg_unit/rf_reg_r2_0_31_6_11/RAMB_D1/WADR1
                            (rising edge-triggered cell RAMD32 clocked by sys_clk_pin  {rise@0.000ns fall@4.000ns period=8.000ns})
  Path Group:             sys_clk_pin
  Path Type:              Hold (Min at Fast Process Corner)
  Requirement:            0.000ns  (sys_clk_pin rise@0.000ns - sys_clk_pin rise@0.000ns)
  Data Path Delay:        0.414ns  (logic 0.141ns (34.084%)  route 0.273ns (65.916%))
  Logic Levels:           0  
  Clock Path Skew:        0.015ns (DCD - SCD - CPR)
    Destination Clock Delay (DCD):    2.004ns
    Source Clock Delay      (SCD):    1.488ns
    Clock Pessimism Removal (CPR):    0.501ns

    Location             Delay type                Incr(ns)  Path(ns)    Netlist Resource(s)
  -------------------------------------------------------------------    -------------------
                         (clock sys_clk_pin rise edge)
                                                      0.000     0.000 r  
    L16                                               0.000     0.000 r  clk (IN)
                         net (fo=0)                   0.000     0.000    clk
    L16                  IBUF (Prop_ibuf_I_O)         0.259     0.259 r  clk_IBUF_inst/O
                         net (fo=1, routed)           0.627     0.886    clk_IBUF
    BUFGCTRL_X0Y16       BUFG (Prop_bufg_I_O)         0.026     0.912 r  clk_IBUF_BUFG_inst/O
                         net (fo=708, routed)         0.576     1.488    cpu/clk_IBUF_BUFG
    SLICE_X36Y78         FDRE                                         r  cpu/mem_wb_rd_reg[1]/C
  -------------------------------------------------------------------    -------------------
    SLICE_X36Y78         FDRE (Prop_fdre_C_Q)         0.141     1.629 r  cpu/mem_wb_rd_reg[1]/Q
                         net (fo=101, routed)         0.273     1.902    cpu/reg_unit/rf_reg_r2_0_31_6_11/ADDRD1
    SLICE_X38Y79         RAMD32                                       r  cpu/reg_unit/rf_reg_r2_0_31_6_11/RAMB_D1/WADR1
  -------------------------------------------------------------------    -------------------

                         (clock sys_clk_pin rise edge)
                                                      0.000     0.000 r  
    L16                                               0.000     0.000 r  clk (IN)
                         net (fo=0)                   0.000     0.000    clk
    L16                  IBUF (Prop_ibuf_I_O)         0.447     0.447 r  clk_IBUF_inst/O
                         net (fo=1, routed)           0.683     1.130    clk_IBUF
    BUFGCTRL_X0Y16       BUFG (Prop_bufg_I_O)         0.029     1.159 r  clk_IBUF_BUFG_inst/O
                         net (fo=708, routed)         0.845     2.004    cpu/reg_unit/rf_reg_r2_0_31_6_11/WCLK
    SLICE_X38Y79         RAMD32                                       r  cpu/reg_unit/rf_reg_r2_0_31_6_11/RAMB_D1/CLK
                         clock pessimism             -0.501     1.503    
    SLICE_X38Y79         RAMD32 (Hold_ramd32_CLK_WADR1)
                                                      0.309     1.812    cpu/reg_unit/rf_reg_r2_0_31_6_11/RAMB_D1
  -------------------------------------------------------------------
                         required time                         -1.812    
                         arrival time                           1.902    
  -------------------------------------------------------------------
                         slack                                  0.090    

Slack (MET) :             0.090ns  (arrival time - required time)
  Source:                 cpu/mem_wb_rd_reg[1]/C
                            (rising edge-triggered cell FDRE clocked by sys_clk_pin  {rise@0.000ns fall@4.000ns period=8.000ns})
  Destination:            cpu/reg_unit/rf_reg_r2_0_31_6_11/RAMC/WADR1
                            (rising edge-triggered cell RAMD32 clocked by sys_clk_pin  {rise@0.000ns fall@4.000ns period=8.000ns})
  Path Group:             sys_clk_pin
  Path Type:              Hold (Min at Fast Process Corner)
  Requirement:            0.000ns  (sys_clk_pin rise@0.000ns - sys_clk_pin rise@0.000ns)
  Data Path Delay:        0.414ns  (logic 0.141ns (34.084%)  route 0.273ns (65.916%))
  Logic Levels:           0  
  Clock Path Skew:        0.015ns (DCD - SCD - CPR)
    Destination Clock Delay (DCD):    2.004ns
    Source Clock Delay      (SCD):    1.488ns
    Clock Pessimism Removal (CPR):    0.501ns

    Location             Delay type                Incr(ns)  Path(ns)    Netlist Resource(s)
  -------------------------------------------------------------------    -------------------
                         (clock sys_clk_pin rise edge)
                                                      0.000     0.000 r  
    L16                                               0.000     0.000 r  clk (IN)
                         net (fo=0)                   0.000     0.000    clk
    L16                  IBUF (Prop_ibuf_I_O)         0.259     0.259 r  clk_IBUF_inst/O
                         net (fo=1, routed)           0.627     0.886    clk_IBUF
    BUFGCTRL_X0Y16       BUFG (Prop_bufg_I_O)         0.026     0.912 r  clk_IBUF_BUFG_inst/O
                         net (fo=708, routed)         0.576     1.488    cpu/clk_IBUF_BUFG
    SLICE_X36Y78         FDRE                                         r  cpu/mem_wb_rd_reg[1]/C
  -------------------------------------------------------------------    -------------------
    SLICE_X36Y78         FDRE (Prop_fdre_C_Q)         0.141     1.629 r  cpu/mem_wb_rd_reg[1]/Q
                         net (fo=101, routed)         0.273     1.902    cpu/reg_unit/rf_reg_r2_0_31_6_11/ADDRD1
    SLICE_X38Y79         RAMD32                                       r  cpu/reg_unit/rf_reg_r2_0_31_6_11/RAMC/WADR1
  -------------------------------------------------------------------    -------------------

                         (clock sys_clk_pin rise edge)
                                                      0.000     0.000 r  
    L16                                               0.000     0.000 r  clk (IN)
                         net (fo=0)                   0.000     0.000    clk
    L16                  IBUF (Prop_ibuf_I_O)         0.447     0.447 r  clk_IBUF_inst/O
                         net (fo=1, routed)           0.683     1.130    clk_IBUF
    BUFGCTRL_X0Y16       BUFG (Prop_bufg_I_O)         0.029     1.159 r  clk_IBUF_BUFG_inst/O
                         net (fo=708, routed)         0.845     2.004    cpu/reg_unit/rf_reg_r2_0_31_6_11/WCLK
    SLICE_X38Y79         RAMD32                                       r  cpu/reg_unit/rf_reg_r2_0_31_6_11/RAMC/CLK
                         clock pessimism             -0.501     1.503    
    SLICE_X38Y79         RAMD32 (Hold_ramd32_CLK_WADR1)
                                                      0.309     1.812    cpu/reg_unit/rf_reg_r2_0_31_6_11/RAMC
  -------------------------------------------------------------------
                         required time                         -1.812    
                         arrival time                           1.902    
  -------------------------------------------------------------------
                         slack                                  0.090    

Slack (MET) :             0.090ns  (arrival time - required time)
  Source:                 cpu/mem_wb_rd_reg[1]/C
                            (rising edge-triggered cell FDRE clocked by sys_clk_pin  {rise@0.000ns fall@4.000ns period=8.000ns})
  Destination:            cpu/reg_unit/rf_reg_r2_0_31_6_11/RAMC_D1/WADR1
                            (rising edge-triggered cell RAMD32 clocked by sys_clk_pin  {rise@0.000ns fall@4.000ns period=8.000ns})
  Path Group:             sys_clk_pin
  Path Type:              Hold (Min at Fast Process Corner)
  Requirement:            0.000ns  (sys_clk_pin rise@0.000ns - sys_clk_pin rise@0.000ns)
  Data Path Delay:        0.414ns  (logic 0.141ns (34.084%)  route 0.273ns (65.916%))
  Logic Levels:           0  
  Clock Path Skew:        0.015ns (DCD - SCD - CPR)
    Destination Clock Delay (DCD):    2.004ns
    Source Clock Delay      (SCD):    1.488ns
    Clock Pessimism Removal (CPR):    0.501ns

    Location             Delay type                Incr(ns)  Path(ns)    Netlist Resource(s)
  -------------------------------------------------------------------    -------------------
                         (clock sys_clk_pin rise edge)
                                                      0.000     0.000 r  
    L16                                               0.000     0.000 r  clk (IN)
                         net (fo=0)                   0.000     0.000    clk
    L16                  IBUF (Prop_ibuf_I_O)         0.259     0.259 r  clk_IBUF_inst/O
                         net (fo=1, routed)           0.627     0.886    clk_IBUF
    BUFGCTRL_X0Y16       BUFG (Prop_bufg_I_O)         0.026     0.912 r  clk_IBUF_BUFG_inst/O
                         net (fo=708, routed)         0.576     1.488    cpu/clk_IBUF_BUFG
    SLICE_X36Y78         FDRE                                         r  cpu/mem_wb_rd_reg[1]/C
  -------------------------------------------------------------------    -------------------
    SLICE_X36Y78         FDRE (Prop_fdre_C_Q)         0.141     1.629 r  cpu/mem_wb_rd_reg[1]/Q
                         net (fo=101, routed)         0.273     1.902    cpu/reg_unit/rf_reg_r2_0_31_6_11/ADDRD1
    SLICE_X38Y79         RAMD32                                       r  cpu/reg_unit/rf_reg_r2_0_31_6_11/RAMC_D1/WADR1
  -------------------------------------------------------------------    -------------------

                         (clock sys_clk_pin rise edge)
                                                      0.000     0.000 r  
    L16                                               0.000     0.000 r  clk (IN)
                         net (fo=0)                   0.000     0.000    clk
    L16                  IBUF (Prop_ibuf_I_O)         0.447     0.447 r  clk_IBUF_inst/O
                         net (fo=1, routed)           0.683     1.130    clk_IBUF
    BUFGCTRL_X0Y16       BUFG (Prop_bufg_I_O)         0.029     1.159 r  clk_IBUF_BUFG_inst/O
                         net (fo=708, routed)         0.845     2.004    cpu/reg_unit/rf_reg_r2_0_31_6_11/WCLK
    SLICE_X38Y79         RAMD32                                       r  cpu/reg_unit/rf_reg_r2_0_31_6_11/RAMC_D1/CLK
                         clock pessimism             -0.501     1.503    
    SLICE_X38Y79         RAMD32 (Hold_ramd32_CLK_WADR1)
                                                      0.309     1.812    cpu/reg_unit/rf_reg_r2_0_31_6_11/RAMC_D1
  -------------------------------------------------------------------
                         required time                         -1.812    
                         arrival time                           1.902    
  -------------------------------------------------------------------
                         slack                                  0.090    





Pulse Width Checks
--------------------------------------------------------------------------------------
Clock Name:         sys_clk_pin
Waveform(ns):       { 0.000 4.000 }
Period(ns):         8.000
Sources:            { clk }

Check Type        Corner  Lib Pin      Reference Pin  Required(ns)  Actual(ns)  Slack(ns)  Location        Pin
Min Period        n/a     BUFG/I       n/a            2.155         8.000       5.845      BUFGCTRL_X0Y16  clk_IBUF_BUFG_inst/I
Min Period        n/a     FDRE/C       n/a            1.000         8.000       7.000      SLICE_X43Y65    btn_sync_reg[0]/C
Min Period        n/a     FDRE/C       n/a            1.000         8.000       7.000      SLICE_X42Y65    btn_sync_reg[3]/C
Min Period        n/a     FDRE/C       n/a            1.000         8.000       7.000      SLICE_X37Y75    cpu/ex_mem_alu_result_reg[1]/C
Min Period        n/a     FDRE/C       n/a            1.000         8.000       7.000      SLICE_X35Y84    cpu/ex_mem_alu_result_reg[20]/C
Min Period        n/a     FDRE/C       n/a            1.000         8.000       7.000      SLICE_X36Y83    cpu/ex_mem_alu_result_reg[21]/C
Min Period        n/a     FDRE/C       n/a            1.000         8.000       7.000      SLICE_X37Y82    cpu/ex_mem_alu_result_reg[22]/C
Min Period        n/a     FDRE/C       n/a            1.000         8.000       7.000      SLICE_X38Y83    cpu/ex_mem_alu_result_reg[23]/C
Min Period        n/a     FDRE/C       n/a            1.000         8.000       7.000      SLICE_X37Y82    cpu/ex_mem_alu_result_reg[24]/C
Min Period        n/a     FDRE/C       n/a            1.000         8.000       7.000      SLICE_X35Y84    cpu/ex_mem_alu_result_reg[25]/C
Low Pulse Width   Slow    RAMS64E/CLK  n/a            1.250         4.000       2.750      SLICE_X42Y74    cpu/dmem_unit/RAM_reg_0_63_0_0/SP/CLK
Low Pulse Width   Fast    RAMS64E/CLK  n/a            1.250         4.000       2.750      SLICE_X42Y74    cpu/dmem_unit/RAM_reg_0_63_0_0/SP/CLK
Low Pulse Width   Slow    RAMS64E/CLK  n/a            1.250         4.000       2.750      SLICE_X42Y74    cpu/dmem_unit/RAM_reg_0_63_10_10/SP/CLK
Low Pulse Width   Fast    RAMS64E/CLK  n/a            1.250         4.000       2.750      SLICE_X42Y74    cpu/dmem_unit/RAM_reg_0_63_10_10/SP/CLK
Low Pulse Width   Slow    RAMS64E/CLK  n/a            1.250         4.000       2.750      SLICE_X42Y74    cpu/dmem_unit/RAM_reg_0_63_11_11/SP/CLK
Low Pulse Width   Fast    RAMS64E/CLK  n/a            1.250         4.000       2.750      SLICE_X42Y74    cpu/dmem_unit/RAM_reg_0_63_11_11/SP/CLK
Low Pulse Width   Slow    RAMS64E/CLK  n/a            1.250         4.000       2.750      SLICE_X42Y74    cpu/dmem_unit/RAM_reg_0_63_12_12/SP/CLK
Low Pulse Width   Fast    RAMS64E/CLK  n/a            1.250         4.000       2.750      SLICE_X42Y74    cpu/dmem_unit/RAM_reg_0_63_12_12/SP/CLK
Low Pulse Width   Fast    RAMD32/CLK   n/a            1.250         4.000       2.750      SLICE_X32Y83    cpu/reg_unit/rf_reg_r2_0_31_24_29/RAMA/CLK
Low Pulse Width   Fast    RAMD32/CLK   n/a            1.250         4.000       2.750      SLICE_X32Y83    cpu/reg_unit/rf_reg_r2_0_31_24_29/RAMA_D1/CLK
High Pulse Width  Fast    RAMS64E/CLK  n/a            1.250         4.000       2.750      SLICE_X42Y80    cpu/dmem_unit/RAM_reg_0_63_13_13/SP/CLK
High Pulse Width  Fast    RAMS64E/CLK  n/a            1.250         4.000       2.750      SLICE_X42Y80    cpu/dmem_unit/RAM_reg_0_63_14_14/SP/CLK
High Pulse Width  Fast    RAMS64E/CLK  n/a            1.250         4.000       2.750      SLICE_X42Y80    cpu/dmem_unit/RAM_reg_0_63_15_15/SP/CLK
High Pulse Width  Fast    RAMS64E/CLK  n/a            1.250         4.000       2.750      SLICE_X42Y80    cpu/dmem_unit/RAM_reg_0_63_16_16/SP/CLK
High Pulse Width  Slow    RAMD32/CLK   n/a            1.250         4.000       2.750      SLICE_X38Y80    cpu/reg_unit/rf_reg_r1_0_31_12_17/RAMC/CLK
High Pulse Width  Fast    RAMD32/CLK   n/a            1.250         4.000       2.750      SLICE_X38Y80    cpu/reg_unit/rf_reg_r1_0_31_12_17/RAMC/CLK
High Pulse Width  Slow    RAMD32/CLK   n/a            1.250         4.000       2.750      SLICE_X38Y80    cpu/reg_unit/rf_reg_r1_0_31_12_17/RAMC_D1/CLK
High Pulse Width  Fast    RAMD32/CLK   n/a            1.250         4.000       2.750      SLICE_X38Y80    cpu/reg_unit/rf_reg_r1_0_31_12_17/RAMC_D1/CLK
High Pulse Width  Slow    RAMS32/CLK   n/a            1.250         4.000       2.750      SLICE_X38Y80    cpu/reg_unit/rf_reg_r1_0_31_12_17/RAMD/CLK
High Pulse Width  Fast    RAMS32/CLK   n/a            1.250         4.000       2.750      SLICE_X38Y80    cpu/reg_unit/rf_reg_r1_0_31_12_17/RAMD/CLK



